r,count_on_policy,count_off_policy,expression,traversal,nmse_test,nmse_test_noiseless,success
0.7731964119550131,1,0,-x3 + (0.09241177141672254 - x2)*(9.9006090801724438*x2 - x4 - 12.535200630747986 + 15.427967498114256*exp(-x3)*sin(x2 + sin(tanh(1.566933438431757e-6*exp(x5 + 1.953241210528926*(x2 + 2.4912539149854895)*(-x2 + sin(x1 + 1.3756061039184335) + 1.4964588791265014)))) + 1.6916738966278613)) - sin(x2) - 0.010998684295066093,"add,sub,sub,0.9941666998724027,sin,x2,1.0051653841674688,sub,mul,sub,sub,-15.144506757008315,x4,sub,mul,1.6479734618207271,sub,sub,-1.5833423211666862,mul,5.007747885232311,x2,x2,mul,sin,sub,x2,sub,-1.6916738966278613,sin,tanh,exp,sub,-5.683401144202024,sub,mul,sub,mul,0.06315996992251725,tanh,0.10041245522859925,1.959562028890144,mul,sub,sub,sin,add,x1,1.3756061039184335,-1.4964588791265014,x2,add,2.4912539149854895,x2,sub,x5,7.682988928360257,exp,sub,2.7361819336620314,x3,sub,0.09241177141672254,x2,x3",0.08604391878344234,0.08604391878344234,False
0.7473711824530745,1,0,1.485896284355969*x2*(sin(0.02588449369333654*x4 - 13.291880312508063*(1.3465090013587058 - cos(x5 - 0.7055775520859469))*cos(0.9116099550438915*sin(1.1781399041532941*x1)) + 2.468182507209093*tanh(x2) + 0.002510137291278253) - 1.3584456628722036),"mul,mul,sub,sin,mul,0.02588449369333654,sub,sub,x4,-0.09697455631223875,mul,mul,sub,mul,exp,0.99959318132412,mul,sub,1.3465090013587058,cos,sub,x5,sin,2.358354814906236,mul,1.9819438626244068,cos,mul,sin,mul,mul,1.056165040845733,x1,mul,1.0561668664595305,1.0561668664595305,0.9116099550438915,tanh,x2,8.5847759212546,add,5.55365165933992,5.55365165933992,sub,1.6791898951343807,0.32074423226217713,x2,1.485896284355969",0.11425970080409849,0.11425970080409849,False
0.7394896406350755,1,0,1.631214099728415*x5*(-0.15888147616048054*(exp(x2) + 2.706536076503536)*(exp(sin(tanh(x5) - 4.790245064370123)) + 2.0255888813633736) - tanh(x2*(-x5 + cos(4.4504690123825626*x1 - 4.101718302099894))) + 2.081067471059658) - 1.952603308444032*sin(x2) + 0.60312704552466668,"inv,div,0.6130403116099185,add,0.36974119192881116,add,mul,add,-0.5985122703295436,-0.5985122703295436,sin,x2,mul,sub,add,mul,-0.15888147616048054,mul,add,exp,x2,exp,cos,0.09309685536751182,add,add,exp,sin,sub,tanh,x5,4.790245064370123,inv,tanh,tanh,1.5353960519358656,sin,sin,0.7679364664769913,2.081067471059658,tanh,mul,x2,sub,cos,sub,mul,add,2.2252345061912813,2.2252345061912813,x1,4.101718302099894,x5,x5",0.12410400789373599,0.12410400789373599,False
0.7387123951130818,1,0,(x4 + 0.23955196338269893)/(x2 - 162.8813722842931*exp(2*x2 - 3.5778879794348564*x3*x4 + (cos(6.738443152161514*x2 - 2.529948462370055) + 0.5834737812046921)*(-0.75718861376066816*x1 + 0.68995108896633574*x2**2 - 0.10827667667613755) - 3.5778879794348564*sin(x2) + 3.5778879794348564*cos(x2 + 2.1574084030341107))*sin(exp(sin(x5)) + 0.48975196044394687)),"div,sub,x4,-0.23955196338269893,sub,x2,mul,6.249410497146927,mul,sin,sub,exp,sin,x5,-0.48975196044394687,exp,add,sub,add,add,mul,mul,tanh,cos,-0.14439780310843942,add,sub,-0.14299828960497496,x1,mul,0.954568162328497,mul,mul,0.9545689080552767,x2,x2,add,cos,mul,6.738443152161514,sub,0.375449997164184,x2,0.5834737812046921,add,7.107533190591505,add,x2,mul,-3.5778879794348564,sub,add,tanh,0.925675250451046,add,0.346643638932051,sin,x2,sub,cos,add,2.1574084030341107,x2,mul,x4,x3,x3,x3,x2",0.1251085075399796,0.1251085075399796,False
0.7368775815292141,1,0,-31.63953200470989*(tanh(sin(cos(x1 - 2.5224968094751626*cos(0.99999824895175528*x4*x5)))) + 0.59373892914166121)*sin(tanh(x2))*tanh(0.41698554388120623*x2*x5) - 4.5342356103151719*tanh(tanh(sin(x2) - 1.1234091682731164)) + 31.63953200470989*tanh(0.03190456393658717*tanh(sin(x2))) - 3.1120684737840609,"mul,exp,1.6339982261885058,add,mul,mul,sin,0.8799818581052317,-1.1480661621415036,add,tanh,tanh,add,-1.1234091682731164,sin,x2,tanh,sin,tanh,3.8912164911308698,mul,-6.17438403021852,add,tanh,mul,-0.03190456393658717,tanh,sin,x2,mul,tanh,mul,mul,0.41698554388120623,x2,x5,mul,sin,tanh,x2,add,sub,1.2966086545745685,0.7028697254329073,tanh,sin,cos,sub,mul,sub,3.154763620064191,inv,1.5816107745215764,cos,mul,sin,add,sub,sin,1.5013503811411084,0.4262542609533298,sin,1.5013503811411084,mul,x5,x4,x1",0.12750435443138491,0.12750435443138491,False
0.734566385889205,1,0,-x1 + sin(x1 - exp(sin(2.886667403652703*x2*(56.9211879121208*exp(1.6131021694644058*(x2 - 2.905887752896418*cos(tanh(tanh(x1)) + 0.4653807493749431))*(4.196040378029333*cos(2.499582235774036*exp(x3)) + 5.7389352422678834)) + 0.3706637838513706)*exp((x2 + sin(x2*sin(tanh(x5))) - 1.2177164951164987)*exp(-x4)))) + 0.9774195540731323),"sub,sin,add,sub,0.9774195540731323,exp,sin,mul,add,exp,add,4.041667642858426,mul,mul,4.1960385594504235,cos,-1.1762011099598246,mul,sub,x2,mul,add,exp,tanh,0.8504333584018459,0.7493442193054047,mul,cos,add,tanh,tanh,x1,0.4653807493749431,exp,0.05672296189000811,mul,4.196040378029333,add,cos,mul,exp,x3,2.499582235774036,1.3677025779630771,0.3706637838513706,mul,2.886667403652703,mul,exp,mul,add,x2,add,sin,mul,sin,tanh,x5,x2,-1.2177164951164987,exp,sub,sub,x1,x4,x1,x2,x1,x1",0.13057190456840234,0.13057190456840234,False
0.7334194750981716,1,0,-x2 - tanh(x3*(-2.8053205153148931*x1 + 3.7907787407027245*x2 - 5.7907787407027245*x3 + 3.3877517642975055) - sin(2.3320722217991642*x1 - 17.52043396351999*tanh(1/(-0.5174612204131552*x2 - tanh(tanh(tanh(0.0080448683362159962 - x2)) - 2.2934832611611143*exp(-sin(x2 - 0.9099217816359135))) + tanh(sin(x2)))) + 7.3670062839651765)) - 0.7069252260433845,"sub,sub,-0.7069252260433845,tanh,add,add,sin,sub,mul,sub,tanh,inv,sub,sub,tanh,sin,x2,mul,x2,0.5174612204131552,tanh,sub,tanh,tanh,sub,sub,1.0040265460034037,x2,0.9959816776671877,exp,sub,mul,inv,1.0972394318284449,0.9107874406949189,sin,sub,x2,0.9099217816359135,sub,mul,0.13310584810027348,x1,-0.311752397506169,17.52043396351999,1.9049689904893083,sub,mul,sub,sub,mul,-3.7907787407027245,sub,2.327055184969888,add,sub,mul,mul,-0.8602546437696299,-0.8602546437696299,sub,mul,-2.0861745188668186,-2.0861745188668186,x1,x3,x2,x3,x3,x3,x4,x4,x2",0.13211494904400428,0.13211494904400428,False
0.7321373152416215,1,0,x2*(-0.086524894481878927*x2 - x4 - (x2*(-x2 + (tanh(2*x2) + 30.20316229491774)*cos(x1 + x2*x5 - 3.607618930914896) - tanh(x2 - 0.6644969254527104) + 33.199952448470218) - x2 + log(0.2822435178741326*exp(x2)))*(x2 - x3 + x4 + sin(x2) - 0.35388839024324037) - 0.75748868248430318),"mul,sub,sub,x2,add,mul,mul,0.43724969805322267,add,x2,8.754575050570509,cos,1.371597156483709,x2,add,mul,sub,log,exp,sub,x2,add,0.6324925210590924,0.6324925210590924,sub,x2,mul,x2,sub,sub,mul,sub,add,30.20316229491774,tanh,add,x2,x2,exp,-37.368256830758384,cos,add,mul,x5,x2,sub,x1,3.607618930914896,sub,tanh,add,-0.6644969254527104,x2,16.599976510062668,sub,x2,16.59997593840755,sub,sub,sin,x2,0.35388839024324037,sub,sub,x3,x4,x2,x4,x2",0.13385646455190525,0.13385646455190525,False
0.7306336425151959,1,0,-tanh(sin(2.717976647166768 - sin(sin(tanh(-0.9989835606434843*x2 + 0.40533945518912*x3) + 0.845864334194118))/(0.08167937197238404*cos(x5) - 0.08167937197238404*cos(-x2*sin(x2 + 0.13876816325589397) + sin(x2) + sin(x1 - exp(-0.8675591454595873*x5)) - tanh(sin(sin(x2))) + 1) + 0.14886260682175688))) - 0.85977064158439134,"add,tanh,sin,sub,div,sin,sin,add,tanh,sub,mul,0.40533945518912,x3,mul,cos,tanh,-0.04512187374570098,x2,sin,1.008183520957233,mul,add,sub,1.8225238910025854,cos,sub,sub,tanh,sin,sin,x2,sub,sin,x2,mul,sin,add,x2,0.13876816325589397,x2,sub,cos,sub,1.0,1.0,sin,sub,exp,mul,x5,-0.8675591454595873,x1,cos,x5,0.08167937197238404,exp,cos,6.298170521696122,tanh,-1.2924645458144006",0.13592125494935992,0.13592125494935992,False
0.7273881658757058,1,0,x3 + tanh(cos(0.99999999911635264*x2)) - 0.7671204973399376*tanh(12.087120366716233*tanh((x5 + tanh(0.5968100091756979*x2 + x5 - tanh(18.19580411458634*tanh(-x3 + x4**2))))*(0.2090203489638296*x2 - x5 + 0.29102321902843636*exp(x1 - x5) + 0.85779197351803291) - 0.24910196835353591)) - 1.6061709929289043,"add,tanh,cos,mul,sub,sin,1.5707542875903435,sub,x2,x2,x2,sub,x3,add,1.6061709929289043,mul,0.7671204973399376,tanh,mul,12.087120366716233,tanh,sub,0.8751138973306695,sub,1.1242158656842054,mul,add,sub,mul,1.2090203489638296,add,x2,1.6259527817505393,sub,add,add,1.8364381564135708,sub,x2,0.16266709983156952,x5,tanh,0.6412543652635921,exp,sub,sub,0.3826735854585573,x5,sub,1.6170258099765662,x1,add,tanh,sub,mul,x2,0.5968100091756979,sub,tanh,mul,18.19580411458634,tanh,sub,mul,x4,x4,x3,x5,x5",0.14046138526467233,0.14046138526467233,False
0.7248402193032374,1,0,-1.4404250455860392*x2*exp((-0.67847364769121834*x2 - tanh(x1 - cos(x1 + sin(x2) - 0.001358866576938661) - 0.06325389876212877))*(1.0884540332731321*cos((exp(x3) + 3.8209935553101637)*sin(x1 + sin(x2)) - 0.20071027641258535) - 1.0884540332731321*cos(cos(x5)))),"mul,mul,x2,exp,mul,sub,mul,x2,sub,0.30747276280658997,sin,1.4029474027394406,tanh,add,sub,x1,cos,add,sub,x1,exp,mul,-6.602189782362746,tanh,4.703110567427201,sin,x2,-0.06325389876212877,mul,1.0432852386072562,mul,1.0432947702070188,sub,cos,add,mul,sin,add,sin,x2,x1,add,sub,2.8352688416514464,cos,2.972421851166054,exp,x3,-0.20071027641258535,cos,cos,x5,-1.4404250455860392",0.14410708823582755,0.14410708823582755,False
0.7200237530221415,1,0,(sin(tanh(-30.0475058078672*(0.7932466154931787 - cos(x2))*(x1 - 0.99998533411864706) + 1.632896905971231)) + 1.3727021827011556)*(x2*(sin(tanh(tanh(x2)) - 0.7153249565192544) - 0.8295699117725305*sin(cos(8.044150150087408*x2*(0.6315518143584905 - x5)))) - x2 + 0.15287360256521917)*cos(x2) - 0.05058562178736576,"add,-0.05058562178736576,mul,sub,mul,x2,sub,sin,sub,tanh,tanh,x2,0.7153249565192544,mul,sin,cos,mul,sub,0.6315518143584905,x5,mul,8.044150150087408,x2,sin,sin,1.7793227627502017,add,-0.15287360256521917,x2,mul,add,1.3727021827011556,sin,tanh,mul,sub,tanh,0.2912668555473784,mul,5.21310969484549,mul,add,x1,sin,-1.5653804395728264,sub,0.7932466154931787,cos,x2,5.7638353241592,cos,x2",0.15119893349724853,0.15119893349724853,False
0.7177341695176498,1,0,sin(0.9892626851048374*x2 + 0.2852111184198149*(-0.04589583315775399*x2*sin(x2) + x5 + 1.6705907585482821)*tanh(sin(0.18959418050245094*exp(x2) + cos((x1 + 2.5680521727597725)*(-1.999704987115011*x2 + sin(exp(x1) + 1.724522758953605)) + 4.270274316589111) + 5.2871744492964521)) - 2.639078649136354),"sin,sub,sub,mul,mul,add,mul,0.04589583315775399,sub,36.399617211569016,mul,x2,sin,x2,x5,tanh,sin,sub,cos,sub,-1.1351651455049798,add,3.1351091710841312,mul,add,2.5680521727597725,x1,sub,sin,add,add,exp,x1,0.8622460263373212,0.8622767326162839,mul,sin,add,0.7768100882640026,0.7768100882640026,add,x2,x2,sub,sub,-1.6436534361113575,exp,add,x2,-1.6628693831847463,3.6435210131850946,add,sin,-0.01471693891447028,sub,tanh,1.228230228572741,0.5421376934456055,2.639078649136354,mul,x2,-0.9892626851048374",0.15466404751899396,0.15466404751899396,False
0.7164622725277534,1,0,-x3 - exp((x5 - (-x1 - x4 - x5 + sin(-x1 + x2 + x3*(-x4 - x5 - exp(3.856467744191467*x2 - 1.9282338720957335*exp(x2)) - cos(x2) + 1.6506762669367874) + 1.8980534173646683) + 0.95049727012245632)*tanh(5.9896193501414597*sin(x2**2 + 1.3319567067737268)))*sin(1.516312139068816*x2*exp(x2))) + 1.0014640194047695,"sub,1.0014640194047695,add,exp,mul,sin,mul,mul,exp,add,0.5124778193646471,x2,0.9082853779583411,x2,add,x5,mul,tanh,mul,sin,2.1348423992551657,mul,sin,add,mul,x2,x2,1.3319567067737268,-7.087476858423609,add,sin,1.6030477017379055,sub,sub,-0.048982699362893824,add,add,sin,sub,sub,sub,0.050968192211315336,sub,x2,x1,1.9490216095759836,mul,sub,exp,cos,-1.0458286172681572,add,exp,mul,1.9282338720957335,sub,x2,sub,exp,x2,x2,add,add,cos,x2,x4,x5,x3,x4,x1,x5,x3",0.15661561344690667,0.15661561344690667,False
0.7153101873889592,1,0,13.81724233304652*sin(exp(tanh(sin(tanh(cos((x2 + 0.37395211541019516)*(x2*sin(1.7237533333229473*x5 - sin(1.1177159568367073*x1 + x2) + 1.3806013555074772) + 0.2961599862691464)) - cos(0.8414591247498387*x2 - 0.06081253250130821)))*tanh(tanh(tanh(x1) + tanh(x2))))) + tanh(x3 - 16.79372955697469)),"mul,13.81724233304652,sin,add,tanh,sub,x3,mul,4.098015319270377,4.098015319270377,exp,tanh,mul,sin,tanh,sub,cos,mul,add,mul,x2,sin,add,sub,mul,1.7237533333229473,x5,sin,add,x2,mul,sub,1.5588549061288985,0.4411389492921912,x1,1.3806013555074772,mul,0.5442058307930432,0.5442058307930432,add,exp,tanh,-0.3921871601416417,add,add,-0.15726864554648343,x2,-0.15727630178889793,cos,add,tanh,-0.06088766418985191,mul,sin,tanh,5.709930548347628,x2,tanh,tanh,add,tanh,x1,tanh,x2",0.1583999472275928,0.1583999472275928,False
0.7140678608791395,1,0,-x2 + 1.4933719659200326*x5 - (0.17676025873052895*x2 - 0.17676025873052895*tanh(x2) + 1.2145013895780064)*(-x3 + x5 + 17.58711692282934) - sin(sin(4.8731251904109*exp(-x1 - x2 - 0.20072256702664941*exp(x2)) - 1.9321203805828024) - 1.9276445029070393) + 20.240836153634772,"sub,sub,sin,add,sin,sub,1.9321203805828024,exp,sub,sub,sub,1.583735454155401,x2,x1,mul,0.042663010189309195,exp,sub,x2,log,sin,2.9274117150404386,1.9276445029070393,sub,-3.560643747609039,5.5600612769667395,sub,x2,sub,mul,cos,mul,sub,1.0,x2,sub,x2,x2,5.560068662727287,sub,mul,x5,-2.4933719659200326,sub,sub,5.560062466331707,mul,mul,add,sub,-6.8708961974847185,x2,tanh,x2,-0.17676025873052895,sub,sub,sub,sub,9.793249852878334,-7.793867069951009,sub,sub,sub,x4,x3,x5,x4,x3,x3,x5",0.16034188079173287,0.16034188079173287,False
0.7129673369142807,1,0,-0.26213591535343644/(-1.1205095512707248*x2 + (x1 + 9.233653400809276e-7)*cos(2.200750052008397*x5 - 4.7719569654478618*exp(sin(0.011442176094526742*x2))) + 1.2533134881576042 + 7.090399552967342*exp(-12.61248194683738*x2)),"mul,-0.26213591535343644,inv,add,mul,cos,sub,mul,2.200750052008397,x5,exp,sub,1.5627564860575085,sin,mul,x2,-0.011442176094526742,add,mul,0.0009609190080755649,0.0009609190080755649,x1,add,add,mul,add,0.3745808907599643,mul,add,x2,tanh,0.9192803524734202,sin,2.3705910037940185,-1.6079545735691827,exp,add,sub,0.9793698464673891,mul,x2,inv,0.07928653568862022,0.9793718469270665,2.668615859151156",0.1620777401668245,0.1620777401668245,False
0.711830600413098,1,0,sin(x3 + (x1 - tanh(exp(x2 + exp(x2)) - 0.1562555562278491) + 4.8896586603796805)*tanh((-3.2388327226496716*tanh(-x2 + sin(exp(x2) + 3.2274555807663345) + 1.7498065331601428) - 3.8596677670033037)*cos(sin(tanh(x1) + 3.64461305389707)) + cos(x1*x2) + 1.371698907996111) + 7.263245694115305),"sin,add,add,mul,add,sub,3.905650318948391,tanh,sub,exp,add,exp,x2,x2,mul,-0.6287223120770784,mul,mul,-0.6287222959954197,-0.6287222959954197,-0.6287223120770784,add,x1,cos,-0.17907799115935202,tanh,add,cos,mul,x1,x2,add,exp,0.3160500504066322,mul,mul,sub,-1.191684812868548,tanh,add,add,sin,add,3.2274555807663345,exp,x2,sub,1.0729761368713402,x2,sin,sin,0.8382117669285691,3.2388327226496716,cos,sin,add,3.64461305389707,tanh,x1,7.263245694115305,x3",0.16388621151183994,0.16388621151183994,False
0.7104131632426662,1,0,(x2 - 0.10142692264326623*x3 + sin(x2 + 0.35543437621282532*exp(x2) - 2.5607972627748545) + 0.82295796154776568)/(x1*(0.3845612337300832*x2 + 0.61533963918076823)*cos(4.2449879659813565*x3) - 0.7284595920392667),"mul,inv,sub,mul,mul,x1,cos,div,x3,0.23557192812178443,sub,x2,mul,sub,x2,sin,1.5887446788463964,0.6154387662699168,0.7284595920392667,sub,sin,add,sub,x2,sub,add,sub,1.640191055698245,0.35979277027923656,1.640191055698245,0.35979207834239896,mul,exp,x2,sub,1.1703114046077812,sin,0.9525170093595339,sub,sub,-0.41147898077388284,sub,mul,-0.10142692264326623,x3,-0.41147898077388284,x2",0.1661635010792746,0.1661635010792746,False
0.7096882302749071,1,0,1/(-4.9476804855052344*x5*exp(3.136476821419058*x2*(-x4 + tanh(-x1 + x2)) - x3) + 2.967783793482487*exp(x2) + sin(x2 - 3.80145428636239) + 2.967783793482487*sin(sin(sin(exp(x2)) - 0.4636540799709811)) - 2.967783793482487*cos(x2*(-0.7346777591731076*x2 + 7.275263329994731*x5 - 0.52449864883106983) + 0.5762651133189148*x3) - 5.9763350210426385),"inv,add,add,sin,sub,x2,3.80145428636239,-5.9763350210426385,sub,mul,sub,sin,sin,sub,0.4636540799709811,sin,exp,x2,sub,exp,x2,cos,sub,mul,x3,sub,0.7118506538677853,1.2881157671867,mul,x2,sub,mul,-0.7346777591731076,x2,mul,add,x5,mul,-0.0981600570952473,sin,mul,sub,0.767983229373569,sub,1.2317908682406231,0.7679841867964521,2.7117556305294026,-7.275263329994731,-2.967783793482487,mul,exp,sub,add,1.5989188779717431,mul,mul,x2,3.136476821419058,sub,tanh,sub,sub,add,x2,x2,x2,x1,x4,x3,x5",0.16733780996050893,0.16733780996050893,False
0.7082877318118439,1,0,(9.2364209076840814*x2 - 5.2146266649268669*x3 - exp(x2) - 5.2146266649268669*tanh(x2 + x5) + 4.7145788283825589)*cos(sin((1.8848436903784272 - x1)*(tanh(0.29401202017607864 - x2) + 0.8338519696256392)) - 2.6644182827210838),"mul,add,cos,sub,exp,exp,-0.020217244784079384,sin,mul,sub,sub,1.2949433587498735,sub,0.7050430271213198,1.2949433587498735,x1,sub,tanh,sub,0.29401202017607864,x2,cos,3.726339284054954,sub,x2,x2,sub,sub,sin,1.4254740113183573,sub,x2,1.6278265001223122,sub,sub,exp,x2,exp,1.6682450452091901,mul,sub,2.4048740058890568,sub,-0.4048786531487533,2.4048740058890568,add,x2,sub,sub,sub,add,x2,mul,x2,-0.036979142431542954,sub,0.8715584433759623,sub,1.1283920931721536,tanh,add,x5,x2,0.8715584457407143,x3",0.16962503458864656,0.16962503458864656,False
0.7082719757957596,1,0,-0.5186616744889344*x2 + sin((x2 - cos(x5) - 6.142457167582139)*tanh((-x2 + x5)*(sin(x1*x2) - 0.23603075413323227)) + 0.5401978425701375) - 0.9858350668505098,"add,sub,-0.9858350668505098,mul,x2,0.5186616744889344,sin,add,mul,add,-6.142457167582139,sub,x2,cos,x5,tanh,mul,sub,x5,x2,sub,sin,mul,x2,x1,0.23603075413323227,cos,1.0001241387249387",0.16965090647929795,0.16965090647929795,False
0.707473226043426,1,0,-0.9999987581752312*sin(x2*(1.3432369687549477 - x5)) + sin(sin(x2) + sin(x1 + x2/(x3 + tanh(-0.21996677129917569*x2**2 + 0.052275292915885551*x2 + x2/(x3 - x4*(-x1 + x3 - x4) + 6.476893657144457) + x3 + 0.057623840449663785 + 0.21996677129917569*tanh(1))) + 1.0)) - 0.9157346584296556,"add,sub,mul,cos,sub,-2.889807915277639,exp,-1.372941120387537,sin,mul,sub,1.3432369687549477,x5,x2,0.9157346584296556,sin,sub,sin,x2,sin,sub,tanh,-43.91946026456027,add,div,x2,add,tanh,add,sub,tanh,sin,2.0978455822156072,sub,sub,sub,mul,sub,add,sub,mul,x2,x2,tanh,cos,sub,1.0,1.0,2.913349665216507,mul,x2,-8.854631522663139,mul,0.31181811091252565,sin,0.7830338081138343,div,x2,add,sub,6.476893657144457,mul,sub,sub,x3,x1,x4,x4,x3,x2,x3,x2,x3,x1",0.17096658058547262,0.17096658058547262,False
0.7062469180210527,1,0,0.4252258165377449*(-x1*exp(tanh((sin(sin(6.032395859805452*x2)) + 0.5178742877092978)*exp(x5))) - 1.6883514109298747)*exp(x2) + sin(log(tanh(x1) + 0.4375382483036549) - tanh(sin(0.10781319934601427*sin(-(x2 + 4.783300772590799)*(-sin(x5 - 0.26451602156399384) - 0.4840973090161154/(6.0887859354430578*x2 + 0.19634965250773014)))))) + 1.3918956416899864,"add,add,1.6958364749979369,sub,sin,add,tanh,sin,mul,sin,mul,add,4.783300772590799,x2,sub,sin,sub,0.26451602156399384,x5,div,0.4840973090161154,div,add,x2,0.03224775096210416,mul,sub,add,0.788412730644096,tanh,1.0018468098903923,1.2115178327507437,0.48409662888889243,tanh,0.10823386600859729,log,add,tanh,x1,0.4375382483036549,0.30394083330795046,mul,div,0.5656293083656069,1.3301857186636719,mul,exp,x2,sub,-1.6883514109298747,mul,exp,tanh,mul,exp,x5,sub,sin,sin,mul,x2,6.032395859805452,-0.5178742877092978,x1",0.17300224240648662,0.17300224240648662,False
0.7061761569828164,1,0,log(exp(-0.68417151360714857*x3 + 0.68417151360714857*(-0.002159647274848864*x5*(-x2*(58.65020381887705*x1 - 1.7216109470577265*x2 + 62.067628208579*x4 + x5 + 17.910706526011676*tanh(x2) + 15.113213259575026)/sin(-0.12663975167412797*x2*(x2 - 0.8322009292590699) + x2 + 2.114334784977942) - tanh(x2)) + 0.09213967093771826)*(x2 - tanh(x1 - 1.2818688614579015) - 14.494826998935132) + sin(exp(x2)))),"log,exp,add,sin,exp,x2,mul,sub,1.3416368679556856,0.657465354348537,sub,mul,sub,x2,add,tanh,sub,x1,1.2818688614579015,14.494826998935132,sub,0.09213967093771826,mul,0.002159647274848864,mul,sub,div,mul,x2,sub,add,15.113213259575026,sub,x5,mul,sub,x2,sub,mul,36.05206409418692,x4,mul,-10.403457620097905,tanh,x2,1.7216109470577265,mul,-58.65020381887705,x1,sin,sub,sub,sub,mul,mul,sub,x2,0.8322009292590699,x2,0.12663975167412797,x2,1.0571676008614053,1.0571671841165367,tanh,x2,x5,x3",0.17312028928511045,0.17312028928511045,False
0.7060850213897174,1,0,(0.0025271578763434301*x1 + 0.1191168370995897*tanh(x2 - 0.8796866068014197*(x5 + 1.5681104058709643)*exp(x2) + 1.719315090493019) + 0.011380276577214368)*exp(-(x2 + 2.455672655562167)*cos(x1 + x2 - x5 + 2.3954135542550556)),"div,div,sub,tanh,sub,x2,add,-1.719315090493019,mul,add,x5,1.5681104058709643,exp,mul,sub,x2,0.12818956357349715,cos,sub,1.0,1.0,mul,add,x1,4.503191780673633,-0.021215790629418366,8.395118812329883,exp,mul,cos,add,add,x1,sin,4.557339153268637,sub,sub,x2,x5,-3.3834173914876864,sub,x2,-2.455672655562167",0.17327242014997074,0.17327242014997074,False
0.70524290130278,1,0,x2*(2.5984908722231497*x5*(-x1 + 2*x2 - tanh(0.7883634241271347 - x5) - 2.0036485878709559 + 2.4171105108327502*exp(-2*x2)) + 2.5984908722231497*cos(x2 - 0.13836195767680268) - 3.0266030958883122),"mul,mul,2.5984908722231497,sub,mul,sub,x2,add,sub,cos,0.6514310423890084,sub,add,0.3957833789785494,mul,exp,sub,sub,0.6610634630663933,x2,x2,1.2479589289663826,add,x1,sub,1.6042150305475442,x2,tanh,sub,0.7883634241271347,x5,x5,sub,1.1647541764496903,cos,sub,0.13836195767680268,x2,x2",0.1746831840169466,0.1746831840169466,False
0.7045948507773409,1,0,x1 - 1.7134725694586222*x2 - 2.1310323379819414*x5 + 3.019285835491437*cos(x2*x3 + x4 + 2.2697071053881404) + 8.781209244555781*tanh(-x1*(0.12162226131868743 - sin(x2*cos(x2 - 2.4379187265610046))) + tanh(0.12160496199606223*exp(2.3694809146182836*cos(x2)))) - 2.1310323379819414/(x2**2 + exp(x2)),"add,add,mul,-2.1310323379819414,add,x5,inv,add,exp,x2,mul,x2,x2,mul,sub,-1.3158030528885556,sin,exp,1.0052598191185127,x2,add,mul,3.019285835491437,add,mul,mul,tanh,sub,tanh,mul,sin,3.123774161538736,exp,sub,mul,cos,x2,2.3694809146182836,-1.9205938942821028,mul,x1,sub,0.12162226131868743,sin,mul,cos,sub,sub,add,x2,0.9998021130338375,1.0001536977659353,exp,0.8910004688762039,x2,5.405758686082559,sin,exp,0.9452721132475798,cos,add,2.2697071053881404,add,mul,x2,x3,x4,x1",0.17577503476057152,0.17577503476057152,False
0.7040210728546182,1,0,cos(cos(2.7182572539704067*(x2 + sin(x4) + 2.5217765870635483)*(0.13590389073265388*x1 - 0.7636270885327394*x2**3 + x2*tanh(x2 + 0.30947471214308886) + 1.8393548423673904*x3 - 0.08605994837485686)*exp(-0.79866080196584*tanh(x2))) - 2.654053036224455),"cos,sub,add,0.1695651631785932,sub,cos,mul,mul,add,add,x2,sin,x4,add,sin,2.9248624778570247,2.306739138085907,sub,exp,sub,sin,1.5750485035631643,mul,0.79866080196584,tanh,x2,mul,1.0,tanh,sub,x2,x2,sub,-0.08605994837485686,sub,mul,-0.13590389073265388,x1,add,add,mul,x3,1.8393548423673904,mul,x2,tanh,add,0.30947471214308886,x2,mul,mul,x2,mul,-0.7636270885327394,x2,x2,tanh,exp,1.048576634813391,1.830240301482365",0.17674627346841304,0.17674627346841304,False
0.7036873818892199,1,0,(0.007162029164188941*(x3 - x5 - 0.850442792590123)*exp((cos(x2) + 7.513474633671483)*tanh(x1))*sin(tanh(sin(x2 + exp(x3) + tanh(x3) - 1.1601409007856359))) - 0.14263287326641559)*exp(1.999999150229272*x2),"mul,exp,sub,x2,mul,x2,sin,-1.569492662077017,mul,add,mul,mul,exp,mul,tanh,x1,add,cos,x2,7.513474633671483,sin,tanh,sin,add,add,tanh,x3,add,tanh,sin,2.400357964540004,x2,add,-1.7485303935890306,exp,x3,sub,sub,add,x3,0.574782018007393,1.425224810597516,x5,-19.915148346448817,0.007162029164188941",0.17731307617898312,0.17731307617898312,False
0.7034233622500211,1,0,2.421751916921714*x2*(x3 - x5*(x2*(-x4 + sin(-3*x1 + x2 + 1.780712663705399*exp(-x5 - 9.1221894378486908*sin(x5 + 0.01331486914288066*exp(x2 + sin(x2 + 1.4497837000270715)))) + 4.3195118194476052) + 5.856531292563964) - 4*x2 - x3 - 1.5106397585080408) - 1.400054882939602),"mul,2.421751916921714,mul,x2,sub,-1.400054882939602,sub,mul,x5,sub,sub,sub,0.16312177733440697,sub,x2,sub,0.16312173634723023,x2,add,x2,x2,sub,1.836883272189678,sub,sub,add,mul,x2,add,5.856531292563964,sub,sin,add,2.1597559097238026,sub,x2,sub,sub,x1,2.1597559097238026,sub,sub,exp,sub,sub,0.5770136570443654,mul,sub,exp,2.2657668713560484,0.5163238295608895,sin,add,exp,sub,-1.15942205359453,sub,3.159451833967176,add,x2,sin,add,1.4497837000270715,x2,x5,x5,x1,x1,x4,x2,x2,x3,x3",0.1777625609995874,0.1777625609995874,False
0.7028149877194968,1,0,1.0366830390910531*sin(0.0015047840704897581*(x1 - x2)*tanh(exp(x5) + sin(sin(tanh(exp(tanh(x2)))) + tanh(x5*cos(sin(x5))))) - 0.0060029195266697123)/cos(1.5648613613268936*sin(exp(x5)*tanh(0.21055234788772695*x1*x2 - 0.08145344358434806) + cos(x2 - 0.6877568093777866) + 0.6395797813441325)),"div,div,sin,mul,add,-3.9892232011174587,mul,tanh,add,sin,add,tanh,mul,x5,cos,sin,x5,sin,tanh,exp,tanh,x2,exp,x5,sub,x1,x2,sin,0.0015047846383895998,tanh,2.0083816520850464,cos,mul,sin,add,add,mul,tanh,sub,mul,mul,x1,x2,0.21055234788772695,0.08145344358434806,exp,x5,cos,add,x2,-0.6877568093777866,0.6395797813441325,1.5648613613268936",0.17880175515956873,0.17880175515956873,False
0.702779382674087,1,0,-(1.7894145245015747 - tanh(x5*(-4.2936821859671627*x1 + 4.2936821859671627*x2 + 0.7270843128927081) + sin(9.967580485064781*x2 + 0.41125161581600325) + 0.7655274076022411))*sin(x2 + 0.05112054828904067) + 0.044303759282870028,"sub,mul,-0.21048458205500475,-0.21048458205500475,mul,sub,1.7894145245015747,tanh,add,sin,mul,9.967580485064781,add,x2,mul,exp,-0.41884720353442706,cos,1.5080329842623539,add,0.7655274076022411,mul,mul,sub,tanh,1.168259775202267,mul,tanh,sub,exp,mul,tanh,1.5532252985757304,2.009548636327628,0.4381541858846945,add,0.8847641930695157,add,sub,sub,0.8847613917535998,x2,1.115136375762684,x1,mul,2.072137685177869,2.072137685177869,x5,sin,add,0.05112054828904067,x2",0.1788627235063622,0.1788627235063622,False
0.7022828716406632,1,0,-sin(2*x2 - sin(x3) + sin((x4*tanh(sin(x2*(x5 - 0.99999739874215317))) - sin(cos(sin(cos(tanh(x3))))) + 1.2013989118277228)*sin(3.4642011272933008*x2 + x3)*sin(sin((x5*(cos(sin(x2 - tanh(x2))) - 0.86645108757663877) + 4.661023005679698)*(tanh(x1) + 0.7775879932421827))))),"sin,sub,sin,x3,add,add,x2,sin,mul,sin,add,mul,1.240866813188456,mul,cos,0.3538522852793851,mul,mul,1.2408672864673975,exp,0.8748188769566752,x2,x3,mul,sin,sin,mul,add,4.661023005679698,mul,add,div,-1.8539463307304171,2.13970108331872,cos,sin,sub,tanh,x2,x2,x5,add,tanh,x1,sin,2.250772034666806,sub,1.2013989118277228,sub,sin,cos,sin,cos,tanh,x3,mul,tanh,sin,mul,x2,add,x5,cos,3.1393117507095356,x4,x2",0.17971465358078964,0.17971465358078964,False
0.7022132837197107,1,0,cos(4.29299124329344/(x2 - sin(2.48303771305994*tanh(1.1549629748096083*exp(-x1 + x2) - 0.62839484151191676*sin(5.543476478295986*exp(0.6936778318085024*x2)) - 0.25849811540248697)) - 1.6752234950363213)),"cos,div,4.29299124329344,add,add,tanh,0.49736589710856977,-2.1352665481133757,add,x2,sin,mul,tanh,mul,sin,mul,1.5691095027355384,1.5691095027355384,sub,sub,exp,add,x2,sub,0.6086548685767895,x1,sin,exp,tanh,exp,1.5096888375067294,sin,mul,exp,mul,mul,0.8328732395846798,x2,0.8328732378944141,5.543476478295986,-2.48303771305994",0.17983431296365088,0.17983431296365088,False
0.7013019281528426,1,0,x4 - x5 + tanh(8.805039506031642*cos(x2)*cos(tanh(x2)) - 13.893512339144632*cos(sin(-0.99083039698004862*x5 + (0.9493719573127507 - cos(tanh(x1 - 0.17384271347638731)))*(7.744605184779413*exp(x2)*cos(x2) - 8.34700413346716) + sin(0.002705035528505878*x2) + 0.28971336698017123)) + 4.212197089948815) - 0.10752149427197191,"add,sub,sub,tanh,mul,8.805039506031642,sub,0.4783848030509538,sub,mul,1.5779045999313548,cos,sin,sub,sub,add,mul,add,add,mul,exp,x2,mul,cos,x2,7.744605184779413,-9.21424639300151,tanh,exp,0.2790292168008818,sub,0.9493719573127507,cos,tanh,add,cos,sub,cos,sin,mul,0.012441824876183668,0.012441824876183668,-0.7455268042551977,x1,sin,mul,mul,-0.05200995605175876,-0.05200995605175876,x2,cos,1.8647236744306053,mul,x5,tanh,2.6902065607174324,mul,cos,x2,cos,tanh,x2,x5,0.10752149427197191,x4",0.18140730540307864,0.18140730540307864,False
0.701195867137862,1,0,(-0.9479068609559388*exp(x2) + tanh(3.568600608769239*exp(tanh(tanh(tanh(x2 + x3) + 1.286345717058978))) + 3.568600608769239*tanh(x2) - 5.7281267029457491))*(exp(-x3 + tanh(1.8022604327493752*x2 + x5 - exp(-x1 + 0.9999957165739189*sin(sin(1.5323458613180936*x1*x2 - x4 + 1.5323458613180936*x5))))) + 0.0104463998146815),"mul,sub,tanh,mul,sub,sub,add,tanh,x2,0.6523979065013412,sub,add,mul,0.9157218492363206,sub,sin,1.2001411562221276,0.6491587898635938,1.3475953920427182,exp,tanh,tanh,add,add,tanh,add,x3,x2,0.6431728592350842,0.6431728578238942,sub,1.3475953920427182,tanh,0.8609229533012569,3.568600608769239,mul,0.9479068609559388,exp,x2,add,sub,1.0051993885878998,0.9947529887732183,exp,sub,tanh,sub,mul,1.8022604327493752,x2,sub,exp,sub,mul,cos,0.002926919588593153,sin,sin,sub,mul,1.5323458613180936,add,mul,x2,x1,x5,x4,x1,x5,x3",0.18159107714298303,0.18159107714298303,False
0.7009443194402197,1,0,x1 + x3 + (-x1 - cos(x5*(x2**2*exp(2.038043472734574*x1 + x4) - x2 + tanh(-exp(x2) - 0.97287045775571405))) - 0.24511594763050348)*(1.6096956176471857*x2 - 1.6096956176471857*tanh(sin(3.587888729228393*cos(1.379544695843208*exp(-0.3250589840187446*x2)))) + 1.7565713476895553) + 0.99999943905081343*cos(x5),"add,mul,cos,x5,cos,cos,exp,1.5499702000475795,add,add,mul,add,1.7565713476895553,mul,add,tanh,sin,mul,cos,exp,mul,0.3250589840187446,sub,tanh,2.638238913981949,x2,-3.587888729228393,x2,1.6096956176471857,sub,sub,-0.24511594763050348,cos,mul,sub,tanh,sub,tanh,mul,sin,sub,mul,1.0068936972965563,sub,cos,sub,1.0,1.0,1.3139420745865837,sin,1.16640757343657,exp,tanh,1.155802266876145,exp,x2,sub,x2,mul,mul,exp,add,mul,2.038043472734574,x1,x4,x2,x2,x5,x1,x3,x1",0.18202752809628364,0.18202752809628364,False
0.6999608664893363,1,0,(0.8179027492772706*x5 + 0.99405856080612445*sin(2.3064748500657934*tanh(x5) + 2.3064748500657934*tanh(tanh(x5 + 0.7482067472120542)) - 0.7282645581267527) + 0.99405856080612445*sin(sin(x2*(x2 + 0.28895520203005427) - 4.706299431034866)) - 1.0937309770894902)*cos((2*x2 + 2.7699944876700973)*(-x3 + 0.4325081128395654*exp(cos(x1)))) + cos(x2*(3.8941020105572424 - x2)),"add,cos,mul,x2,sub,3.8941020105572424,x2,mul,add,exp,1.050081187148199,sub,mul,x5,0.8179027492772706,mul,tanh,exp,1.0674614203986863,sub,sin,sub,0.7282645581267527,mul,add,tanh,x5,tanh,tanh,add,0.7482067472120542,x5,mul,1.5187082833993477,1.5187082833993477,add,sin,sin,add,-4.706299431034866,mul,x2,add,x2,cos,-1.2776610212652597,log,sin,inv,0.3202237345777916,cos,mul,add,add,x2,2.7699944876700973,x2,sub,mul,mul,0.6576534899470734,0.6576534899470734,exp,cos,x1,x3",0.18374193471466901,0.18374193471466901,False
0.6998431694546331,1,0,-2.807053271315179*x2 + cos(exp(sin(5.657056149531809*(-0.44208090408534446*x1 - tanh(exp(x5)*tanh(2.5249712364563743*sin(x2 - 3.256571836895063))) + 0.15055345015525934)*exp((cos(1.4224344908093254*x5 + 2.119436395325253) + 0.34347190756056617)*(tanh(x1) + 3.7896475168946173)))) + 2.826394645975738) + 0.95688880594643632,"sub,cos,add,2.826394645975738,exp,sin,mul,5.657056149531809,mul,add,sub,0.15055345015525934,mul,x1,sin,exp,tanh,sub,2.2610290439552627,-0.2609890655303034,tanh,mul,tanh,mul,sin,sub,3.256571836895063,x2,2.5249712364563743,exp,x5,exp,mul,sub,cos,mul,1.4224344908093254,sub,tanh,0.5946223209089069,add,2.0232182136057606,x5,-0.34347190756056617,add,tanh,x1,exp,1.3322730113113606,mul,-2.807053271315179,sub,tanh,0.562971028519642,sub,x2,-0.16929118735638013",0.1839479724977005,0.1839479724977005,False
0.6997094997265388,1,0,-0.7313804821210408*x1*x5 - x2 + x4 + (-2*x2 - 1.576815983437648)*(0.12284327003091008*x2 + 1.2118988528562578*sin(x5 - (1.5987008013679077 - sin(x1))*(0.99999793308264335*sin(sin(x2 - 0.12794147721549929) - 3.1133733718378234) + 0.3115701666476805) - sin(2*x2 - x5) + 1.388991539495551) - 1.2076560831336896) - 0.96236828348218206,"sub,x4,sub,sub,x2,mul,sub,mul,x1,x5,-1.3158243992118368,-0.7313804821210408,mul,sub,sub,-0.7884078176420312,sub,x2,-0.7884081657956169,x2,sub,-1.2076560831336896,add,mul,-0.12284327003091008,x2,mul,1.2118988528562578,sin,sub,sub,mul,sub,mul,1.2643974064224854,1.2643974064224854,sin,x1,sub,mul,sin,sub,sin,sub,sub,1.2932109319700869,tanh,0.9032335603209388,sub,0.703283706153826,x2,3.1133733718378234,cos,-0.0020331837441198183,mul,log,0.6957323345167408,0.8588162166293438,sub,1.388991539495551,sin,add,sub,x2,x5,x2,x5",0.18418219587929027,0.18418219587929027,False
0.6995402029395756,1,0,x3 + 2.3613164133271023*exp(-x2*(1.3117276366087773 - 2*x2) + x2*(-5.593820136903969*x2*sin(cos(0.001314639338311544*x5)) + 1.5478677092697829)) + sin((x1 - 2.5669805501047844)*(1.148343415048852*x2*(x5 - 0.05970021298149876) + 0.6578343276276717)) - 1.4622273741458334,"add,add,add,mul,2.3613164133271023,exp,sub,mul,mul,5.593820136903969,sub,sub,1.1376452671371529,mul,sin,cos,mul,x5,-0.001314639338311544,x2,0.8609349562249242,x2,mul,x2,sub,sub,1.3117276366087773,x2,x2,sin,mul,sub,x1,2.5669805501047844,sub,0.6578343276276717,mul,add,x5,-0.05970021298149876,mul,x2,-1.148343415048852,x3,-1.4622273741458334",0.1844791894548153,0.1844791894548153,False
0.6994922652171321,1,0,cos(x5 + 0.49297803716662923)/(x2 + (107.78380796832539 - x2)*tanh(x2 + x5 + exp(x5 - 3.0431646534839666*exp(-x1)) + cos(x2 - cos(x2)) + 0.6484386674164202) - 107.66305712841692),"div,cos,sub,add,x5,mul,2.3404166897844525,2.3404166897844525,sub,2.492292563595171,sub,x2,add,2.492279681059814,x2,sub,mul,sub,107.78380796832539,x2,tanh,sub,cos,sub,cos,x2,x2,sub,sub,sub,0.8370650046040389,x5,sub,1.1612825504999478,sub,sub,0.8370603496885292,exp,sub,x5,exp,sub,2.1119004744129755,sub,x1,sin,11.040243513013653,x2,1.1612814712090405,sub,sub,21.93051724099758,sub,sub,x2,21.930518408455992,21.93051526411879,sub,-19.940723365971426,21.93078284887313",0.18456335513051417,0.18456335513051417,False
0.6987408032974395,1,0,x1 - 0.51825183621580378*exp(x1 + 1.7080317499715775*x2 + x3 - 4.43392955768972*x4*sin(x2*x3*(3.2887964672564167*x2 + x3 - tanh(x4)) - 0.17299404149106815) + 2.20554036878058*x5 - 1.10277018439029*exp(x2) + tanh(-x5 + 1.849482991188047*exp(cos(2*x2 - 2.8334774685415252)) - 0.8633048352692212)) + 0.6506106407200276,"sub,0.6506106407200276,sub,exp,add,sub,tanh,sub,sub,exp,sub,cos,sub,1.6111064883071724,sub,sub,x2,x2,sub,sub,sub,1.6111064883071724,x2,x2,0.3887355080728196,-0.6149061358101535,0.8633048352692212,x5,sub,sub,mul,sub,sub,sub,sub,exp,x2,mul,x2,1.5488555767545804,sub,x5,1.2969608774262014,x5,0.7009219258219956,1.10277018439029,mul,mul,4.43392955768972,sin,sub,0.17299404149106815,mul,mul,x2,sub,sub,x2,mul,x2,-1.2887964672564167,sub,sub,tanh,x4,x2,x3,x3,x4,x1,x3,x1",0.18588674290500687,0.18588674290500687,False
0.6986722642346075,1,0,1.1805392277052054*(0.6163787335894614*cos(8.42505516573845*sin(x2) + 6.4380019887084265*sin(x1 + 0.9999999486305624*cos(exp(tanh(sin(x2) + 0.087695708329558758)) - 4.919458185894881) + 0.39317421398251148) - 0.5416353110135993) - 1.2775322416716533)*tanh(tanh(x2)),"mul,add,sub,mul,cos,sub,sub,cos,cos,-0.05630919621777518,mul,mul,2.5373240933830927,sin,sub,add,sub,x1,cos,-1.4850774685543595,0.47878813771579837,mul,cos,sub,add,tanh,0.7829895960891955,exp,tanh,add,sub,1.0438161462661868,0.956120437936628,sin,x2,exp,1.718090950920051,cos,3.141272124533193,2.5373195349768816,mul,sin,x2,8.42505516573845,0.6163787335894614,mul,exp,1.1290781827295988,add,0.9504008997579028,0.9504008997579028,exp,1.5263335518858006,mul,1.1805392277052054,tanh,tanh,x2",0.18600782319777429,0.18600782319777429,False
0.6974895203461302,1,0,cos(exp(cos(x1*x5*(-x2 - sin(x1 + 2*x2**2*(3.857170313864431 - exp(exp(cos(tanh(x1)))))) + 0.99999913532624681)*sin(x2) - 1.124694446568335*tanh(exp(cos(10.035667187069293*x2 - 27.14073587474592*cos(x4 - 0.48182278256417542)*tanh(exp(x2)) + 18.729182981902099)) - 0.44444247270888604)))),"cos,exp,cos,sub,mul,tanh,add,-0.44444247270888604,exp,cos,sub,x2,sub,mul,add,x2,add,x2,x2,3.6785557290230977,add,-8.365121533033733,sub,mul,27.14073587474592,mul,tanh,exp,x2,cos,add,-0.9610108175347807,add,cos,1.0710669407430147,x4,10.364061448868366,1.124694446568335,mul,sin,x2,mul,mul,sub,sub,sin,1.5721113734692036,sin,add,mul,mul,add,x2,x2,sub,3.857170313864431,exp,add,sub,x2,x2,exp,cos,tanh,x1,x2,x1,x2,x1,x5",0.18810722419558373,0.18810722419558373,False
0.6968439556386219,1,0,-sin((0.5703261272917781*exp(-0.25015446905464883*sin(2*sin(x2) - 2.5527536308555785) + cos(tanh(x2))) - 0.5703261272917781*tanh(sin(x2)))*(0.00024622782381363267*x2 + x3 + 1.2792948614088718) - tanh(1.3059082770025243 - 4.8303198130564335*exp(-x1 - x2 + x5 - 2.254118817514908*tanh(x2)))*tanh(cos(tanh(x2)))),"sin,sub,mul,tanh,sub,mul,1.1427634387757268,1.1427634387757268,exp,add,x5,add,sub,add,sub,1.1122424492739948,add,inv,1.5394747042038524,x1,1.1122424492739948,x2,mul,tanh,x2,-2.254118817514908,tanh,cos,tanh,x2,mul,mul,0.5703261272917781,sub,exp,sub,cos,tanh,x2,mul,sin,add,-2.5527536308555785,add,sin,x2,sin,x2,0.25015446905464883,tanh,sin,x2,add,mul,x2,sin,-1.5486045296992412,add,cos,1.0922616080862295,add,x2,add,0.8188158781993896,x3",0.18926111250880925,0.18926111250880925,False
0.6964389418769634,1,0,-sin(-x2 + 2.484152254270867*(0.92912694694428313*tanh(sin((x2 + 6.32539800302357*exp(-x2))*(x1 + x3 + sin(sin(x1 + 3.609260527388886)) - 0.5225325548384385))) - 0.6136366043468285)*sin(x2) + 3.1275417753519066),"sin,sub,-3.1275417753519066,sub,div,mul,sin,x2,sub,mul,tanh,sin,mul,add,x2,exp,sub,sub,1.9222842663723227,0.07771130835923684,x2,sub,add,x1,add,sin,sin,add,add,tanh,exp,1.061502811765052,x1,2.615410201193713,x3,0.5225325548384385,tanh,mul,sin,sin,1.449947352807195,1.9724781354540948,0.6136366043468285,exp,-0.9099314561827146,x2",0.18998793480831777,0.18998793480831777,False
0.6963337898200376,1,0,7.193719716596939*tanh(x2*((0.14236929305499588 - 0.16005820126132472*sin(x5*(-x2 + x5 + 0.35523413908200932*(x2 + 0.7791443952837527)*exp(x5) + 0.7839002356130291))/(x2*cos(sin(tanh(x5) + 1.300680557907864) - 4.7540619700889301) + 0.55892554790883808))*sin(x1) - 0.148622452548587*sin(x3) - 0.08741200687650274)),"div,tanh,mul,sub,mul,add,mul,sin,mul,add,sub,add,0.7839002356130291,x5,x2,mul,exp,sub,x5,1.0349781602021797,add,x2,0.7791443952837527,x5,div,-0.16005820126132472,add,mul,cos,sub,exp,1.5589994042104112,sin,add,tanh,x5,1.300680557907864,x2,mul,exp,-0.9791177135172676,inv,cos,sin,2.1556681632168133,0.14236929305499588,sin,x1,div,sub,mul,sin,1.027159566529665,sin,x3,-0.5033566489317174,sub,2.586146377984609,sub,-0.5861455515148875,2.586146377984609,x2,0.13901014209559168",0.1901770029126618,0.1901770029126618,False
0.6960568631271623,1,0,(-sin(x5 + 3.9245203563784312) - 0.9944540953861243)/(0.13881191054213277*exp(-1.7007561801261677*x2*x5 + x3 + 2*x5 - (-x1 + x4)*(0.9933498179318179*x2 - 0.9933498179318179*x5 + 0.07433189467302466) - sin((0.29978031881265393*x2 - 0.29978031881265393*exp(x2) - 0.29978031881265393*sin(x2 + tanh(-x1 + x3) - 0.04208597287436719) + 1.6148075771083859)*tanh(x5))) - 0.13921832529557074),"div,sub,-0.9944540953861243,sin,add,2.2849363222990426,add,sub,2.2849363222990426,add,sin,1.1953093103441053,-0.28497684260134015,x5,sub,0.930290085203531,sub,1.0695084104991017,exp,add,add,-1.9746354237686887,sub,mul,x5,mul,x2,-1.7007561801261677,sub,sin,mul,tanh,x5,mul,add,add,exp,x2,sub,-5.386636399294615,x2,sin,add,sub,x2,0.04208597287436719,tanh,sub,x3,x1,-0.29978031881265393,sub,x3,sub,mul,mul,0.9933498179318179,add,sub,x2,x5,0.07482952463592911,sub,x4,x1,x5,x5",0.19067565314812449,0.19067565314812449,False
0.6956405956711657,1,0,-x2 + tanh(0.993769348567244*x2 + tanh(cos(x2*(2.2590286996399014*x1 + 0.92284828972360136)*(x4 + x5 + 0.51206935989765811)*log(0.98138924789149277*x2*sin(1.2088759330885168*cos(cos(1.589846462940772*x2) + 0.3687789808152958)) + 3.0010629870890054))) + 0.3821772583864943) - 0.8299939849500242,"sub,sub,tanh,add,sub,mul,x2,sin,-4.82407722841564,-0.3821772583864943,tanh,cos,mul,mul,x2,log,add,add,mul,mul,x2,tanh,exp,sin,1.0113398437988552,sin,mul,1.2088759330885168,cos,add,cos,mul,x2,1.589846462940772,0.3687789808152958,1.5005314935445027,1.5005314935445027,mul,sub,mul,sin,1.9009099570015182,tanh,add,1.406539006373138,cos,0.6618642810795806,mul,-2.2590286996399014,x1,add,add,1.2560170169099867,x4,sub,x5,0.7439476570123286,x2,0.8299939849500242",0.19142718560333616,0.19142718560333616,False
0.6946176686535241,1,0,(-0.01936055479312395*(3.183069592690925*x2 - 0.5273577283643838)/tanh(cos(-cos(1.0892459765247064*exp(-0.10652660342888584*cos(sin(x1)))) + cos(sin(x2 - 1.0129873733135135*exp(tanh(x2)) + tanh(cos(x1 + x2)) + 0.5845182125329382)) + 1.099301364870362)) - 0.2290560895399906)*cos(x5),"mul,sub,mul,add,add,add,-0.5406346615390796,x2,mul,exp,sin,tanh,1.450726036719791,x2,exp,-4.321727097243969,div,-0.01936055479312395,tanh,cos,sub,sub,cos,sin,add,sub,-0.5845182125329382,tanh,cos,add,x2,x1,sub,mul,1.0129873733135135,exp,tanh,x2,x2,mul,tanh,0.1369614436234793,-8.076481088820778,cos,exp,mul,sub,1.1782432061387806,exp,0.32189088583312464,mul,sub,cos,sin,x1,cos,tanh,tanh,sin,-1.7169796204314378,0.5286915868545069,sin,-3.3727005342157814,cos,x5",0.1932841137928315,0.1932841137928315,False
0.6941466676870179,1,0,x1 - x2 + x3 - 1.246663241817578*exp(x2) - sin(5.0076787803830629*x2*(1.8636247561098258 - x2) + 4.8794612356326211*x2 - 8.0519909663792781*tanh(x1*x2 + x2 - 0.09447320246749842) + 2.3607466527196007) + 0.7577262529607627,"add,sub,add,sub,sin,mul,2.2377844238243445,mul,sub,sub,sub,x2,mul,0.0256041871640644,add,log,1.513520515363802,sub,1.5171343900119978,x2,exp,sub,sub,0.9926412629092108,1.0073009411748592,sin,1.0125093182963163,sub,mul,sub,1.8636247561098258,x2,x2,sub,sub,mul,exp,0.4749468954233969,tanh,sub,mul,x2,x1,sub,0.09447320246749842,x2,x2,x2,2.237784268703151,sub,0.3105623616917172,sub,sub,1.6894133284116228,sub,0.3105624054374465,sub,exp,x2,exp,sub,x2,-0.8094461118414032,0.3105623083216964,x3,x2,x1",0.19414398819204887,0.19414398819204887,False
0.69406392804655,1,0,-x3 + (-x2*(1.1602360095416062 - 1.2738361146133639*x2) + 0.045710486730482743)/(-x1 + cos(x3*(3.022588812718427*x1*x2*(1.1516549318148532 - x2) - x3) - tanh(tanh(-x2 - 0.09322778401459676*x5 - 16.280559611901392*cos(sin(x2)) + 16.241832021358302)))),"sub,div,sub,cos,1.5250699067931792,mul,sub,3.8792431273761196,add,mul,mul,x2,1.5177859487282923,sub,1.4194832791986993,0.5802107087280916,exp,exp,exp,-8.229206615767794,x2,sub,cos,sub,tanh,tanh,sub,mul,add,cos,sin,x2,-0.9218307267513615,-16.280559611901392,sub,x2,add,cos,add,sub,2.371110355253611,-0.37118801632167886,sub,sub,2.371113806158245,-0.37118801572943105,mul,-0.3233160563023218,-0.3233160563023218,mul,0.09322778401459676,sub,6.594039477490774,x5,mul,sub,mul,3.022588812718427,mul,sub,1.1516549318148532,x2,mul,x2,x1,x3,x3,x1,x3",0.19429535808693463,0.19429535808693463,False
0.6938973004460874,1,0,-0.08538351620392727/tanh(-0.6387246307637932*x2 + (x5 - 0.03477748364994373)*(-0.4125432660328006*x1 + x2 - 0.2130447937381276*(x2*x5 + x2)*exp(17.979099053082436*sin(x2)*cos(x5)*cos(x2 + 0.83474176284662094))*cos(x2)) + 0.72235853173388619),"inv,div,div,tanh,sub,add,add,0.4035553634100328,0.4035553634100328,sub,mul,sub,add,x2,mul,mul,tanh,tanh,2.284356263380724,x1,-0.5479851965188614,mul,mul,exp,mul,mul,sin,x2,mul,17.979099053082436,cos,x5,cos,add,0.4173709329798016,add,0.41737082986681934,x2,add,x2,mul,x2,x5,div,cos,x2,4.693848567964488,sub,x5,0.03477748364994373,mul,0.29112230262585415,0.29112230262585415,mul,0.6387246307637932,x2,exp,0.3935178461820255,-0.0576064889819122",0.1946004873673175,0.1946004873673175,False
0.6937496086411999,1,0,sin(tanh(sin(tanh(0.5218090596690089*cos(x2/(cos(sin(4.20838189736124*(-x2*(-x1 + x2 - 1.0340486563197726) - 4.545587482034406)*sin(sin(cos(tanh(x1)))) + 13.08749397324033)) - 0.3559506349014961) + 0.73416701342864373))))) + cos(x2) - 1.390377620704099,"add,sin,tanh,sin,tanh,mul,mul,0.6443383858679221,cos,sub,sub,sub,sin,log,1.2317780208534943,div,x2,add,-0.3559506349014961,cos,sin,mul,sub,mul,sub,add,-2.272793741017203,-2.272793741017203,mul,sub,x2,sub,x1,-1.0340486563197726,x2,sin,sin,cos,tanh,x1,-3.109863670273488,4.20838189736124,sin,tanh,0.7197869965814515,0.3627098993153339,cos,0.6269221265562964,sub,cos,x2,1.390377620704099",0.19487126413660966,0.19487126413660966,False
0.6937436225871922,1,0,x2*(1.058238798132776 - x2) - 2*x2 + (-1.5918317688391347*x2*x5*(2.0998711416218745*x1 - 1.5265037097014959) - 2*x2 + (exp(x2) - 2.1651720355738615)*sin(sin(exp(x5))))*tanh(x5) + sin(sin(x2 - sin(sin(x2)) + 0.52685283980337354)),"sub,sub,add,mul,tanh,x5,sub,sub,sub,mul,sub,exp,x2,sub,2.617097834238257,tanh,0.48711770477595506,sin,sin,exp,x5,x2,x2,mul,mul,1.1676133466133711,mul,mul,1.1676133680812262,1.1676133680812262,mul,x2,x5,mul,sub,cos,0.756924823771666,x1,sub,-0.04993545350389717,sub,x2,sub,x2,2.0499356881179773,mul,x2,sub,0.5291194001661316,sub,x2,0.529119397966644,add,sin,sin,sub,sin,sin,x2,sub,add,x2,1.2634248595335265,0.736572019730153,x2,x2",0.19488224531358755,0.19488224531358755,False
0.6930208283292587,1,0,-0.86053092137082997*exp(0.3203980150775508*(-x2 - 9.663383975324155*x3 + 6.989698672609256)*tanh(-10.939964815704117*exp(-6.601131419128847*x2 - exp(x2)) - 2.606730495963344*cos(x1) + 2.3289765300354399)),"mul,sub,tanh,0.9042050352015242,1.5788701355358992,exp,mul,sub,2.996564474562161,sub,x2,sub,mul,-9.663383975324155,x3,sub,-0.9965693842600526,2.996564813787042,mul,tanh,sub,sub,-3.022462849375879,mul,mul,cos,3.21732357504887,sub,2.0529315890915067,cos,x1,2.614223424934947,exp,add,0.870614944069525,add,sub,sub,0.8706124480756959,mul,x2,5.601131419128847,add,sub,x2,sub,sin,1.1430475657250625,1.1293207235831153,exp,x2,0.8706139910034134,0.3203980150775508",0.1962118557207954,0.1962118557207954,False
0.6926943285233428,1,0,x1*cos(x1 - sin(x2 + x5*(8.429936602805652*sin(sin(sin(x2 - x3))) + 1.716937375987445)*(-x2*(x3*sin(tanh(cos(exp(cos(exp(-x4*sin(x1 - x5))))))) + x3 + 1.87036831998789) + x2 - tanh(cos(x2*(-0.42614653582178613*x2 + 0.42614653582178613*cos(0.4525611807239441*x2 + 3.5228973680722011)) + x4 - 1.1905895805387965))) + 1.6672863538484233)) - x1 - x2,"sub,sub,mul,cos,sub,sin,add,add,1.6672863538484233,x2,mul,mul,add,mul,sin,sin,sin,sub,x2,x3,8.429936602805652,1.716937375987445,sub,sub,x2,tanh,cos,sub,1.1905895805387965,add,mul,x2,mul,-0.42614653582178613,sub,x2,cos,add,x2,mul,sub,add,x2,-2.2176181549661167,4.21761669507786,-0.5474388192760559,x4,mul,x2,add,add,exp,0.626135374032287,mul,x3,sin,tanh,cos,exp,cos,exp,mul,sin,sub,x5,x1,x4,x3,x5,x1,x1,x2,x1",0.19681486072310928,0.19681486072310928,False
0.6926013196200372,1,0,x2*(-(x2 + x5 - 0.65481592712468783)*sin(tanh(12.270382105287752*x1 - 5.9611497905261324)) - sin(sin(x5 + 0.04365158208804708)) - sin(sin(x2 - x5 + 0.9467417735001108)) - 0.3017348997537515),"mul,sub,sub,sin,sin,sub,-0.04365158208804708,x5,0.3017348997537515,sub,mul,add,add,sub,sub,add,0.5613662519835229,add,0.5613688250387127,x2,1.4386183823453575,cos,0.4503336584560702,x5,0.5613693005027771,sin,tanh,mul,-12.270382105287752,sub,0.4858161497641754,x1,sin,sin,sub,sub,0.7581784964245276,sub,exp,0.5335183471345365,x5,x2,x2",0.19698691021599796,0.19698691021599796,False
0.6923845605262086,1,0,1.279588292052164*x5 - cos(1.8373225279475203*x2*(0.8162024974401684*x2 + 0.88408696466200008) + 1.8373225279475203*x5 - 1.8373225279475203*tanh(x5*(tanh(tanh(x1)) - 3.2096764924393298 + exp(-sin(-x2 + x4 + sin(x1*(2.808237245284365*x2 - 1.4041186226421825*x4) - x5))))*tanh(x1 - x2 + 0.7550788666079071)) - 4.416694334965618) - 1.2291270690414449,"sub,add,div,x5,0.7815013674407971,-1.2291270690414449,cos,sub,4.416694334965618,mul,1.8373225279475203,sub,mul,sub,sub,add,sin,0.9864697755879276,sub,exp,0.4944481333182086,mul,-0.8162024974401684,x2,1.0263938188076094,cos,0.972547692308265,x2,sub,tanh,mul,mul,x5,tanh,sub,x1,add,x2,-0.7550788666079071,sub,sub,tanh,tanh,x1,1.6048382462196649,sub,1.6048382462196649,add,sub,x2,x2,exp,sin,sub,sub,x2,sin,sub,mul,mul,1.4041186226421825,sub,x2,sub,x4,x2,x1,x5,x4,x5",0.19738834630069355,0.19738834630069355,False
0.6922964864605148,1,0,tanh(-x2 + (-x2 - (x2 + 1.1315937770801258)*tanh(x1) + 0.792887357496614)*(x2*(x2 - 0.89823029810409263*sin(x2 + 1.1732397592540835) + cos(x2 - 0.9998941427835102 + 5.9248736346118475*exp(-x2**2)) - 0.03454243462420438) + sin(x2 + cos(10.99740713213321*x1*x2 - 2.5457530508655804)) + 0.5717254067585201)),"tanh,sub,mul,sub,add,mul,sub,-0.03454243462420438,sub,x2,sub,add,x2,add,x2,cos,add,mul,exp,sub,1.2956162034363443,mul,x2,x2,1.621810561743227,sub,x2,sin,1.585346865215692,mul,sin,add,1.1732397592540835,x2,tanh,1.4629824365278181,x2,sin,add,x2,cos,add,1.2728765277050509,add,mul,x1,mul,x2,sub,-4.498703398284259,6.498703733848951,1.2728765231605295,tanh,-0.6500823586203838,sub,0.792887357496614,add,x2,mul,add,exp,0.12362706120792538,x2,tanh,x1,x2",0.1975516473924826,0.1975516473924826,False
0.6921797217317198,1,0,sin(x2*(0.24098600535420335 - tanh(exp(-x3 - sin(4.0576993408416175*cos(x2) - 2.5740024230304637) + tanh(x2))))*(2.222105265774767*exp(0.4311639978469431*exp(13.366583797335036*(-0.7814623274214385*x2 + tanh(sin(x1)))*sin(x2)*tanh(exp(tanh(x5 - 0.332346863530104)) + sin(x2) + 1.662353521347593))) + 0.7312382561016551)),"sin,mul,mul,x2,add,sin,0.8201354884382358,exp,add,0.7984550644313887,inv,exp,add,sin,cos,-6.310677228251043,div,mul,mul,add,tanh,sin,x1,mul,x2,-0.7814623274214385,sin,x2,-13.366583797335036,inv,tanh,add,add,add,sin,x2,sin,1.172289119417816,exp,tanh,sub,x5,0.332346863530104,cos,0.7366664364695953,sub,1.1201722600894304,add,0.879186254735227,tanh,exp,sub,tanh,x2,sub,x3,sin,sub,mul,cos,x2,-4.0576993408416175,-2.5740024230304637",0.1977683130248026,0.1977683130248026,False
0.6920647611651735,1,0,x2 + sin(x5 + (1.289138779387245 - 1.483238001546159*x2)*(-7.8564742125336375*x3*sin(exp(cos(cos(x2)))) + 0.6522155737075085*x4 + 0.6522155737075085*x5 + 2.4223769769861838)*sin(cos(x1)) - 2.3628244867341732)*cos(tanh(6.32474744455196e-5*x4)) - 1.178058033256697,"sub,1.5305222056790198,sub,exp,mul,add,1.3752696449771755,div,1.3540469323048299,0.7752318949947914,0.319172046546075,sub,x2,mul,cos,tanh,mul,-6.32474744455196e-05,x4,sin,sub,sub,2.3628244867341732,x2,add,sub,mul,mul,add,sub,1.289138779387245,x2,mul,x2,-0.4832380015461591,sin,cos,x1,mul,-0.6522155737075085,sub,add,x2,sub,-3.7140741108284527,sub,x5,sub,mul,mul,3.516387838747803,mul,add,tanh,mul,1.7257451149199747,mul,1.7257451149199747,1.7257451149199747,2.425693170093512,sin,exp,cos,cos,x2,x3,x4,x2,x2,x5",0.1979818183950282,0.1979818183950282,False
0.6919668943258923,1,0,sin(x2*(exp(x5) - 0.46371605024102079)*tanh(-0.5268616597895366*x2 - 0.5268616597895366*cos((x1 - sin(sin(x5) + 0.2693267921599693))*(x2 + 4.149864578397957)) + tanh(x3)) - 1.32345873859285*x2),"sin,add,mul,sub,exp,x5,cos,1.0886114456979563,mul,tanh,sub,tanh,x3,mul,add,x2,cos,mul,add,4.149864578397957,x2,sub,x1,sin,add,0.2693267921599693,sin,x5,0.5268616597895366,x2,mul,-1.32345873859285,x2",0.1981637239167746,0.1981637239167746,False
0.6919226179707443,1,0,-x2*(cos(cos(x2 + x4 - x5 - 1.2864592803535349*exp(x4) + 1.2862695387547538)) - 0.13145338434797232)*(-x2 + 4.814597302117835*tanh(x2) - 4.814597302117835*tanh(0.9999999999889466*x1*x2*(cos(exp(sin((15.811172603249869 - 12.872674337971459*x5)*sin(x4 + x5 - 6.353957902736011*exp(x5))))) + 3.1001886429438415e-8))) + 0.000122455085128932*exp(x3),"sub,exp,add,x3,-9.00776624722149,mul,sub,mul,sub,tanh,x2,tanh,mul,mul,mul,sin,1.570801028585687,x1,x2,add,cos,exp,sin,mul,sub,15.811172603249869,mul,x5,12.872674337971459,sin,sub,x4,sub,exp,add,1.849077910508413,x5,x5,mul,-0.00017607352563471436,-0.00017607352563471436,4.814597302117835,x2,mul,x2,add,-0.13145338434797232,cos,cos,add,add,x2,x4,sub,mul,sub,tanh,add,2.378703637696184,2.378703637696184,exp,x4,1.2864592803535349,x5",0.19824606492844862,0.19824606492844862,False
0.6914061435666101,1,0,-x2 + tanh(x5*(x1*(x2 - 1.327976465373969*exp(2.0119241687436213*x2) + 1.562113732082411) + x3 + (x2 - 0.09318852703270696*exp(7.10503001530788*x2**2*(0.5030846375701991*x2 - 0.94300196788458204) + 7.10503001530788*x2))*(x4 - x5 + 2.1358034237498292*cos(x2) - 0.1914564624822256) + exp(x2) - sin(exp(sin(x1*x5)) + 0.16156541186759366))),"sub,tanh,mul,add,mul,sub,x4,add,mul,sub,-0.06790212503288648,2.0679012987169427,cos,x2,add,0.1914564624822256,x5,sub,x2,exp,sub,-2.373130665375517,mul,log,0.000820965053404246,add,mul,sub,mul,x2,0.5030846375701991,sin,1.2315386707982474,mul,x2,x2,x2,add,sub,add,exp,x2,mul,sub,0.7810569506064621,sub,sub,exp,sub,add,0.14182816452012856,0.14182816452012856,mul,-2.0119241687436213,x2,0.7810567814759494,x2,x1,sin,add,0.16156541186759366,exp,sin,mul,x5,x1,x3,x5,x2",0.19920859990644021,0.19920859990644021,False
0.6905660739846339,1,0,-0.9832362368009138*tanh(-x1 + exp(-sin(-4.5156593454144565*x2*(x3*(-x2*x4 + 0.94121853529013845) + x3) + x3 + sin((1.3060891209314007 - sin(x1))*(-5.3140075293320885*(0.90170601598203062*x2 - 0.3147123695840932)*(x2 - 0.3490255536176887) + 3.5105789284117986)) + 3.8701210725461364*tanh(x2) - tanh(x2*exp(tanh(x2)) - 8.2165079713993358) + 0.7226764159612899))),"mul,-0.9832362368009138,tanh,sub,exp,sin,add,sub,mul,tanh,x2,-3.8701210725461364,1.3612294006508288,sub,sub,0.6385529846895389,sub,sin,mul,mul,5.3140075293320885,sub,0.6606273907280367,mul,mul,sub,x2,0.3490188198881495,sin,1.1236993376026427,sub,x2,0.3490255536176887,sub,1.3060891209314007,sin,x1,add,tanh,sub,sin,mul,tanh,0.3501005957809758,-0.33545645622383446,add,sub,4.051939096837112,mul,exp,tanh,x2,x2,4.051939096837112,mul,mul,4.5156593454144565,x2,add,mul,sub,tanh,1.7486222933324422,mul,x2,x4,x3,x3,x3,x1",0.20078227832194587,0.20078227832194587,False
0.6904781467087383,1,0,-0.4647803206447249*x2*(-7.199469583876871*cos(x1 + x2 - tanh(x2) - 4.249792219041161/(exp(x2) + 0.25912734346977435)) - 7.1842925001965976)*sin(225.4690642119411/(x2 - exp(5.8656356335303705*x5) - 75.89409066420625)) - 0.087484356586502042,"sub,sub,div,mul,mul,mul,add,cos,inv,15.398015939962233,cos,sub,sub,add,x1,x2,div,4.249792219041161,add,cos,1.3086777513848207,exp,x2,tanh,x2,-7.199469583876871,x2,sin,div,inv,0.004435198254337895,sub,sub,x2,exp,mul,5.8656356335303705,x5,75.89409066420625,-2.151554090355718,tanh,sin,1.8119637091299057,-0.6616852916611177",0.20094756980668477,0.20094756980668477,False
0.6904729439232288,1,0,0.23443471110426198*x2*(-x2 + x5 - exp(exp(0.36787944117144232*exp(x1 - sin(x5) - 1.0*sin(sin(x2*((0.55616034493313544 - sin(sin(x5)))*(x2 + 7.9767213642749155) - 2.678862340325165))))))),"mul,sub,x5,add,x2,exp,exp,exp,sub,x1,add,add,sin,x5,tanh,23.430946999896804,mul,sin,sin,mul,x2,add,-2.678862340325165,mul,add,x2,7.9767213642749155,sub,add,tanh,1.7188873843448074,-0.38156857354303586,sin,sin,x5,tanh,mul,12.628656720738656,12.628656720738656,mul,0.23443471110426198,x2",0.2009573537962242,0.2009573537962242,False
0.6902398123004104,1,0,x2*(-2.0997459050830302*(x2 + 0.62662101661832383)*exp(-0.0046261186906916495*x2 + 0.03648338741351317*sin(x2))*sin((0.78318877131185916 - 0.3215412469263246*x1)*(exp(sin(x5)) + 1.2768129463717464) - 0.0006625025738316321) + sin(x2) - 0.05119184474866747) - 0.031454334194688176*x2 + 0.031454334194688176*x5 + 6.408884397361419*tanh(0.1744388090418814*x3),"add,mul,add,mul,sub,x2,cos,2.2480061535203397,mul,exp,mul,0.03648338741351317,sub,sub,sin,x2,div,x2,7.8863924280461015,-20.332989681607994,sin,sub,tanh,exp,-7.319485968779317,mul,add,mul,add,sub,-0.9593591466718943,sub,x1,-0.9593604242970744,sub,-0.959370494038749,sin,1.1255900044964102,0.3215412469263246,1.998811435182251,sub,exp,sin,x5,-1.2768129463717464,add,sin,x2,-0.05119184474866747,x2,sub,mul,sub,x2,x5,-0.031454334194688176,mul,-6.408884397361419,tanh,mul,tanh,sub,1.0881016665613448,0.9118605082543303,x3",0.2013961605959723,0.2013961605959723,False
0.690008399011565,1,0,cos(x2 - (0.2806162267802248 - x5)*(x1 + x4 - 0.16404507393607787) + sin(1.410542672901716*sin(tanh(x2)))) - 0.9521127143183563,"add,cos,sub,mul,add,x4,add,x1,-0.16404507393607787,sub,0.2806162267802248,x5,add,x2,sin,mul,mul,inv,1.258729003911258,exp,cos,0.9593198951559541,sin,tanh,x2,-0.9521127143183563",0.201832500109434,0.201832500109434,False
0.6899866909674135,1,0,(-7.24654583650941*x2 - 18.122090405443163*x3 - exp(2.5895963380266895*x1*x2) + 5.920145201284576*sin(8.169843794537753*x5 - 4.8364379613264346) + 8.24654583650941*tanh(x2) - 5.920145201284576*tanh(x2 - 1.5470697710859622) - 3.2656264483669638)*exp(-2*x3 - cos(x2*x4*(-x1 + x5 + 1.451403794026079*sin(exp(-x1 + x2 + x4 - x5))) + x5)),"div,sub,sub,mul,add,tanh,x2,sub,-0.7665113467868103,x2,add,4.123272918254705,4.123272918254705,sub,add,mul,12.201945204158587,add,x3,sin,-0.2530999497688417,exp,mul,2.5895963380266895,mul,x1,x2,x2,mul,add,sub,tanh,sub,x2,1.5470697710859622,sin,sub,-4.8364379613264346,mul,-8.169843794537753,x5,x3,add,2.960072600642288,2.960072600642288,exp,add,add,cos,add,x5,mul,mul,add,sub,mul,inv,0.6889881397003098,sin,exp,sub,x2,sub,add,x5,x1,x4,x1,x5,x4,x2,x3,x3",0.20187347079102214,0.20187347079102214,False
0.6898131970417024,1,0,0.4452050249306981 - exp(tanh(0.007775975549739434*exp(x1 - x2*(24.924688608410833 - tanh(x2 + 4.085321528908868))*tanh(2.0446040049556125*x2) + 27.214015039757335*x2 - x3) - sin(exp((-cos(sin(sin(x2*(x2 - 1.0428486292590078)))) - 0.009042398838802463)*tanh(x2*exp(x2) - 0.9999999905161644)) - sin(x2) + 0.2433110590991487))),"sub,0.4452050249306981,exp,tanh,add,sin,sub,0.5853250485698561,sub,add,x2,sub,sub,exp,mul,sub,-0.009042398838802463,cos,sin,sin,mul,sub,x2,mul,1.0211996030448738,1.0211996030448738,x2,tanh,sub,mul,exp,x2,x2,sin,1.570658603625984,sub,0.5853055569866062,1.413941664655611,sin,x2,x2,exp,add,sub,sub,sub,mul,27.214015039757335,x2,4.856716356152575,x3,mul,sub,24.924688608410833,tanh,add,x2,4.085321528908868,mul,x2,tanh,mul,x2,2.0446040049556125,x1",0.20220115673613717,0.20220115673613717,False
0.6897557191337161,1,0,(3.5229197041696149 - 4.4245664358134364*tanh(exp(x2)))*cos(x5) + exp(cos(x1 - sin(4.0692176343858253*x5*(x3 - sin(2.375867607852855*x5 - 2.375867607852855*cos(x4*(x2 + exp(x5*(1.209138367140639 - 0.5557901954683641*x2)*(1.3937804603581858*x4 + 1.3937804603581858*x5 + 0.6293226476542597*sin(x2))))))) - 4.0692176343858253*x5 + 0.79031398103900489))) - 2.7350762908008264,"sub,mul,cos,x5,mul,sub,add,0.5995416585146932,tanh,exp,x2,1.395759718583655,-4.4245664358134364,sub,2.7350762908008264,exp,cos,sub,sin,mul,add,2.7679825438033867,mul,1.6104612108649243,mul,cos,sub,1.0,1.0,log,2.2433921912343218,sub,sin,0.1954598745212712,sub,x5,mul,add,sin,mul,2.375867607852855,sub,cos,mul,add,x2,exp,mul,mul,sub,1.209138367140639,mul,x2,0.5557901954683641,mul,0.6293226476542597,sub,sin,x2,mul,sub,-0.10937387111678541,2.105357261718446,add,x4,x5,x5,x4,x5,x3,x5,x1",0.2023098128803528,0.2023098128803528,False
0.6894257272036179,1,0,tanh(-x2 - sin(x1*(x1 - (4.019238257023502*x2 + 0.36793981698677811*x5 + 4.019238257023502*sin(sin(x1 + 5.997422611904186*x2 - cos(x1 - cos(exp(-x3 + exp(tanh(cos(tanh(x1 - cos(cos(tanh(x2)))))))) - 0.07065887514052642)) - 2.754501703746143)) + 2.4045019219418628)*sin(sin(x2)) - 4.201668616084216*tanh(tanh(x1)) + 0.56336103689365024) + x1 - 3.2471611481266147)),"tanh,sub,sin,sub,3.2471611481266147,add,mul,sub,mul,add,tanh,tanh,x1,-0.7428065795580887,-4.201668616084216,sub,add,2.5576660562564344,mul,sin,sin,x2,add,mul,add,sub,x5,-6.6746797079973845,cos,-4.572292805251721,exp,sin,sub,0.20555347820798656,1.7944666206362532,mul,4.019238257023502,add,sin,sin,sub,mul,add,-0.4592809081485733,x2,5.997422611904186,sub,cos,sub,cos,add,-0.07065887514052642,exp,sub,exp,tanh,cos,tanh,sub,x1,cos,cos,tanh,x2,x3,x1,x1,x2,x1,x1,x1,x2",0.20293454506562894,0.20293454506562894,False
0.689185493463236,1,0,0.9999577010386742 - 1.5449493454244938/(0.429634773681301*sin(sin(2.1224608607335264*exp(-(-x1 - 0.548209931799421)*(0.7329402627712421*x2 + tanh(x5*(exp(x2) - 1.8607185979820346)) + 0.4388035052342933)))) + 1.052539750345022),"add,div,sub,cos,cos,0.48184541082230375,2.177355211472227,sub,1.052539750345022,sub,sub,x2,x2,mul,sin,sin,exp,sub,sub,1.2461240015962638,mul,0.7025295742782519,0.7025295742782519,mul,sub,tanh,mul,sub,exp,x2,1.8607185979820346,x5,sub,mul,x2,tanh,-0.9350512251961256,sin,0.4542667048266613,sub,sub,0.7258730462970914,x1,1.2740829780965124,sin,0.4440882804071991,sin,1.561598581470146",0.2033903321618961,0.2033903321618961,False
0.6890764090220798,1,0,x2*(-2.4284849732763374*x2 - sin(x1*x2*(-9.637779261187153*(0.9025373986702101 - 7.037752658345434*x2)*(0.72498257181282898*sin(x3) - 0.6388878795378627)*cos(x5)**2 + 2.5689309076543423) - x1 + 2*x2 + sin(x2) + 2.2944567983978907)),"mul,x2,add,x2,sub,sin,sub,sub,cos,3.1141304094017834,exp,sin,2.880245291749376,sub,add,mul,sub,mul,sub,-3.81888869836354,5.818890562823613,mul,sub,sub,0.9025373986702101,x2,mul,6.037752658345434,x2,mul,add,cos,2.263848096335668,mul,add,tanh,sub,0.9591059373752244,1.0406467424257368,tanh,1.1164859350452314,sin,x3,mul,cos,x5,cos,x5,-2.5689309076543423,mul,x1,x2,sin,x2,sub,x1,add,x2,x2,mul,x2,3.4284849732763374",0.2035975680823729,0.2035975680823729,False
0.6886235354297789,1,0,-1.1904472891106532*sin(x2 - 0.755249553432124/sin(sin(x2) + cos(sin(x2)))) + cos(-x2*x5*(-2.771512285434165*x2 - 2.7713601821947416)*(2.4037948690842836*x2**2*(x5 - 1.8936140872633766)*(-3.2467394530214766*x1 + x3*x4 + tanh(-0.1186011254410549*x1 - 0.5301572222413801)) - x5) + x5) - 1.7802190691391621,"sub,tanh,cos,1.707550690263309,sub,sub,1.6447289092268258,mul,1.1904472891106532,sin,sub,div,sin,0.856034779412598,sin,add,cos,sin,x2,sin,x2,x2,cos,sub,mul,mul,x2,mul,2.771512285434165,sub,sin,-1.5812731064927064,x2,mul,sub,mul,mul,2.4037948690842836,mul,sub,x5,sub,sin,2.036258798294557,tanh,-15.728917399329157,mul,sub,tanh,mul,div,sin,-3.023126419488958,tanh,3.177203350363672,sub,x1,-4.470085931055264,sub,mul,3.2467394530214766,x1,mul,x3,x4,x2,x2,x5,x5,x5",0.20445975831556076,0.20445975831556076,False
0.6883129144970644,1,0,(x1 + 3.842072273856891)*tanh(x2 + 0.041759564846879885) - exp(x2) + sin(x5) - sin(x1*x2*(-x1*(-1.136919917748122*x1*(x5 + exp(x4 + x5*(x3 + x5 + 0.9999999029682209)) - 0.8169993642807033) + 0.9988626118502224) + 0.5403171555078068) + 4.0231254463265693*x2 - 3.0231254463265693*x3 - x4 - 2*x5 + 0.7559561586831065) - 0.967620823876032,"add,sin,x5,add,mul,tanh,add,0.041759564846879885,x2,sub,x1,-3.842072273856891,sub,sub,-0.967620823876032,exp,x2,sin,sub,sub,add,x2,sub,1.3779661806999246,x5,add,mul,sub,x3,x2,3.0231254463265693,sub,0.6220100220168181,sub,mul,x2,mul,sub,cos,cos,-0.005940941169851163,mul,sub,cos,0.04769913676011768,mul,1.136919917748122,mul,sub,sin,mul,0.24978066448337213,0.24978066448337213,sub,sub,0.8793492761289815,exp,add,mul,add,x5,add,sin,1.571236853254179,x3,x5,x4,x5,x1,x1,x1,x4,x5",0.20505283582467615,0.20505283582467615,False
0.6879651523994907,1,0,x2*(x1 - 8.122385322198369)*(x2 - tanh(x3**2*tanh(2.166335596618816*x1*(1 - x4))))*sin(tanh(x1 + 0.4346009813762215*cos(sin(1.8923991022397781*x2) + sin(2.1618099979355874*x2 + 2.1618099979355874*cos(tanh(5.1280425922018046*tanh(-0.27739837709427934*x2 + 2.349343433960717*x4)) - 0.9027443062419663)) + 0.03994102062499151) + 0.10018440675936553)),"mul,mul,sub,x1,8.122385322198369,sin,tanh,add,sub,add,0.4812531075302016,x1,tanh,1.3023263961553435,add,mul,mul,cos,add,sin,mul,x2,1.8923991022397781,sub,sin,mul,2.1618099979355874,add,cos,sub,0.9027443062419663,tanh,mul,mul,2.2645185371878473,tanh,add,mul,x2,-0.27739837709427934,mul,x4,2.349343433960717,2.2645178248661963,x2,-0.03994102062499151,0.6592433372715881,0.6592421292794639,0.48125215086383616,mul,add,tanh,mul,mul,tanh,mul,-2.166335596618816,mul,sub,cos,sub,x2,x2,x4,x1,x3,x3,x2,x2",0.205718484083321,0.205718484083321,False
0.6872706976511888,1,0,tanh(x4) + (-x2*(-x2 - 657.4095642738926*cos(cos(38.749059102047134*x3*(4.659749451169969e-10*x2 + 0.03385079761215466*tanh(tanh(x2))) - cos(x1)) - 0.7374222747950754) + 635.7887004173516) + x2 + cos(x2 - 1.100999892828034e-7) + 3.8438793748624054 + 1/(-x5 + tanh(1.218802499308094 - sin(x3))))/(2*x2 - 11.72554546958307),"add,tanh,x4,div,sub,cos,sub,exp,-16.02187689055835,x2,sub,mul,x2,sub,sub,sub,318.8953713507341,mul,657.4095642738926,cos,sub,0.7374222747950754,cos,sub,mul,sub,mul,mul,2.1586452814601034e-05,2.1586452814601034e-05,x2,mul,tanh,tanh,x2,-0.03385079761215466,mul,38.749059102047134,x3,cos,x1,-316.8933290666175,x2,add,sub,inv,sub,tanh,sub,1.218802499308094,sin,x3,x5,-3.8438793748624054,x2,sub,sub,x2,4.574631363645179,sub,sub,4.574893843765249,-2.576020262172641,x2",0.20705298522467097,0.20705298522467097,False
0.6871582874478002,1,0,cos(1.0703774002109476*x2 + 3.3287229824278683*exp(tanh(x5 + 1.5681902029091916*(-x2 + exp(x5))*(x1 + x2 - 1.2059315985338472) - 0.86050364329973775)) + tanh(tanh(0.3588061234892443*exp(-x2)))),"cos,sub,sub,div,sub,mul,mul,mul,0.9789476360785221,0.9789476360785221,0.9789500581089174,x2,x2,tanh,1.3696523824562403,add,x2,mul,1.4931124395100461,mul,mul,1.4931126344669061,1.4931126344669061,exp,tanh,add,mul,sin,cos,-0.24024310810715338,sub,mul,mul,mul,sub,exp,x5,x2,add,sub,x1,1.2059315985338472,x2,sin,1.4230591889649942,1.9203541339404528,1.0422657034925655,x5,tanh,tanh,div,0.3588061234892443,exp,x2",0.20726965854309495,0.20726965854309495,False
0.6871100608026715,1,0,tanh(-x5*(x2*(-7.044450861547872*x2 - 13.376984434222866)*(-x2*(-x2*(-x1*(-x3 + x5) + 1.01230933178446) + x2 - x5 + exp(x2)) + x2 - 0.2087062567804497) + x3) + (exp(tanh(4.2673514991497538*x2 - 4.2673514991497538*cos(x2))) - 0.242884342699782)*cos(2*x2 + 1.1261400936762287)),"tanh,sub,mul,cos,sub,sub,sub,-1.8912683929316398,sin,5.411944740096678,x2,x2,add,mul,tanh,0.0544577918196132,-4.464455691719308,exp,tanh,mul,mul,mul,tanh,1.7953073828263872,exp,0.7772468121442908,2.0728475656076606,sub,x2,cos,sub,add,x2,x2,x2,mul,add,mul,mul,sub,mul,-7.044450861547872,x2,13.376984434222866,sub,x2,sub,1.103728483819716,sub,sub,0.8950222270392663,sub,mul,x2,sub,sub,exp,x2,sub,mul,sub,1.01230933178446,mul,sub,x5,x3,x1,x2,x2,x5,x5,x5,x2,x3,x5",0.20736267301660147,0.20736267301660147,False
0.6869416960999064,1,0,x2*(sin(0.17867793419247924*x3) + tanh(x2**2 + (x2 - x5*(exp(4.8173924883871075*x2) + 21.54697783665377)*sin(0.37138671344369*x5))*cos(sin(x1) - 2.076015987615668)) - 1.7967437189431643),"mul,add,add,sin,mul,x3,0.17867793419247924,-1.7967437189431643,tanh,add,mul,x2,x2,mul,sub,x2,mul,sin,mul,x5,mul,0.6094150584320099,0.6094150584320099,mul,x5,sub,exp,mul,x2,4.8173924883871075,add,-10.773488918326885,-10.773488918326885,cos,sub,sin,x1,2.076015987615668,x2",0.20768766317671664,0.20768766317671664,False
0.686779982884036,1,0,x2*(-6.4160351932557206*exp((x1 - 0.4436191842555632)*tanh(x5 - 0.0001010359008566896)) + 1.7621108945455226*sin(x1) + 3.199374877737283)*sin(1.203412267208847*x2 + 1.203412267208847*sin(sin(x2 + 0.5273896053095808))) + x2 - 0.033117236553488031,"add,add,mul,sin,mul,add,sin,sin,add,x2,0.5273896053095808,x2,1.203412267208847,mul,x2,mul,sub,sub,3.505553215334373,mul,sub,mul,sub,1.0130215454179838,exp,mul,tanh,sub,x5,exp,-9.200034650255201,sub,x1,sin,2.681959699955081,sub,sub,tanh,-0.8866364486566655,2.7832536731021684,2.7832536731021684,2.8142800894126676,add,inv,-1.6062251199547857,sin,sin,0.042461317755968,sin,x1,-1.7621108945455226,sin,-0.033123293105458335,x2",0.2080002039256846,0.2080002039256846,False
0.6866431600535595,1,0,tanh(x1 + tanh((tanh(exp(x2) + 0.9363649302760673) - 3.4776492172024551)*(x2**2 + x2*sin(x2) - 0.1606096405209272*x5 + tanh(x1 - x2*x3 + 5.564675956385959*sin(0.03519775920553757*x2 - 0.08688511643264939)) - 0.26489652256768947)) - 1.2225369626210534),"tanh,sub,x2,sub,add,sub,1.2225369626210534,tanh,mul,sub,sub,tanh,sub,x2,sub,sub,x2,exp,x2,0.9363649302760673,sin,sub,2.1876213512617406,-0.18763255129926149,2.7841470881554824,sub,mul,x2,x2,sub,sin,sub,2.9794452227464254,-0.9803687097316115,sub,mul,x2,sin,x2,sub,sub,add,2.596987905114415,sub,mul,-1.1606096405209272,sub,1.8963836453632947,x5,-0.5988009508734967,tanh,sub,mul,sin,mul,sub,sub,x2,1.234242373402049,1.2342419390589552,-0.03519775920553757,-5.564675956385959,sub,mul,x2,x3,x1,x5,x2,x1",0.20826493799894236,0.20826493799894236,False
0.6863503525129481,1,0,-sin(x2*(-x1 - x3 - 0.99998966223259356*cos(3.4533701993248843*exp(3.4695174875489431*(x1 - 0.6961809263183414)*(-(1.4744328877004391 - sin(x2*(1.883655790127706 - x2)))*(x2 - 3.625282615836221) - 1.91503226855077))) + 1.940760657425263)) - 0.03034877198307033,"sub,-0.03034877198307033,sin,mul,sub,mul,sin,sub,1.7831181076658351,0.2168688206152243,sub,1.0656961584541738,sub,cos,exp,mul,mul,1.5250902172588772,sub,mul,sub,-1.91503226855077,mul,sub,sub,1.7372079315837656,0.2627750438833265,sin,mul,x2,sub,1.883655790127706,x2,sub,x2,sub,mul,1.6240431047660966,1.6240431047660966,sin,sub,cos,1.4290125426868454,1.5555270417470537,sub,x1,0.6961809263183414,-0.3572112341367585,mul,sin,1.3610966052700146,mul,1.5250939343261651,1.5250939343261651,1.0656961584541738,add,sub,0.7029377875144376,sub,mul,1.003541471671833,sub,1.2552239331574593,0.7447037640050349,x1,x3,x2",0.2088324027702961,0.2088324027702961,False
0.6861722017918551,1,0,-1.713489289521665*x2 - (-4.117939609488181*x2*x5 + 0.43668112915003493)*(-x1 - sin(exp(x2) - 2.3646426200868148) - 0.32132523091865145) + tanh(x4 - 7.190580555729681) + 1.085535017938791,"sub,tanh,sub,x4,7.190580555729681,add,-0.5427676530562288,add,x2,add,sub,mul,sub,sub,-0.32132523091865145,x1,sin,add,sub,exp,x2,2.1823203418870953,-0.18232227819971947,sub,0.43668112915003493,mul,4.117939609488181,mul,x2,x5,mul,x2,sin,-0.7944656266625829,-0.5427673648825623",0.2091782762416261,0.2091782762416261,False
0.6860444583178288,1,0,cos(x1 - x2 + sin(0.40421775446660935*x1*(18.654490752233664*tanh(x2) - 7.2926736308597573)*sin(x5) - 0.40421775446660935*tanh(sin(4.2507947591766575*tanh(x2) + 1.81003125161053)) + 0.40421775446660935*tanh(cos(sin(sin(x5))))) - sin(1.874300542508988*x1 + 1.874300542508988*sin(x5) + 1.874300542508988*cos(x2) - 1.874300542508988*tanh(cos(sin(x5 - 1.13546385310981)) - 1.52624154197414) - 3.0871567276194385) + 2.7639210721836408),"cos,sub,add,sin,div,add,add,sub,x1,1.6470980280925969,sub,sin,x5,tanh,sub,0.23686137796931184,sub,1.7631029199434518,cos,sin,sub,x5,1.13546385310981,cos,x2,0.5335323643781129,sub,add,x2,-0.38204361689984717,sin,mul,0.40421775446660935,sub,add,tanh,cos,sin,sin,x5,mul,sin,x5,div,x1,mul,div,0.11644835824587851,add,-0.39093394334479714,tanh,x2,sin,0.478383549971538,tanh,sin,add,mul,4.2507947591766575,tanh,x2,1.81003125161053,add,2.3818774552837936,x1",0.20942657265618964,0.20942657265618964,False
0.6851511339869426,1,0,-sin(4.173379167285124*x3) + sin(1.2600420420696612*x2 - 1.2600420420696612*cos(x1 + 0.9996893570196577*x2 - sin(tanh(x2)) + 3.2568121683566554) - 57.505106471796151*tanh(0.0679049546068539*x2) + 0.16141274650590311 + 0.15904103731435532/sin(exp(cos(x4)))) + tanh(sin(x2) - 20.567219019834912),"add,tanh,sub,sin,x2,20.567219019834912,add,sin,mul,x3,-4.173379167285124,sin,mul,1.2600420420696612,add,x2,sub,add,mul,add,mul,-2.460669837630306,-2.460669837630306,-51.692346668012526,tanh,mul,x2,mul,0.2605857912604866,0.2605857912604866,div,sub,0.5745127506161808,mul,0.669547546211123,0.669547546211123,sin,exp,cos,x4,add,-0.1281010800566442,cos,sub,mul,tanh,4.384929062696537,x2,sub,sub,sin,tanh,x2,1.628406053484385,add,x1,1.6284061148722704",0.21116965246422875,0.21116965246422875,False
0.6847566832648299,1,0,cos(x2 - tanh((exp(cos(cos(sin(tanh(-x1 - 0.16347942073651373))) + 0.7445679525049974)) + cos(2.558200238554966*x1 + exp(x2 + x3)*cos(x5) + 2.558200238554966*sin(x2) - 1.2199847986031357))*(x3 + exp(sin(x5)) - cos(x2 - 1.7762546819323335))) + 2.5411800900626373),"cos,add,x2,sub,mul,1.5941079292389952,1.5941079292389952,tanh,mul,add,sub,exp,sin,x5,cos,add,x2,-1.7762546819323335,x3,add,exp,cos,add,0.7445679525049974,cos,sin,tanh,sub,tanh,sin,-0.16571703655750308,x1,cos,add,mul,cos,x5,exp,add,x2,x3,mul,1.5994397238885751,mul,1.5994352274404202,add,add,x1,sin,x2,-0.47689183208436436",0.21194306810843572,0.21194306810843572,False
0.6845077400995595,1,0,-(0.6348941856885773*x1 + 1.269788371377155*x2)*(2*x2 + cos(4.856411725249552*x5*sin(x5)*cos(x5 - 1.0614802839077315) - 2.558653522599957) - 0.28521658621207513) - 0.046290629263508899,"sub,mul,exp,1.0903038761609194,-0.015558944351742859,mul,add,add,x2,sub,cos,sub,2.558653522599957,mul,mul,x5,mul,4.856411725249552,sin,x5,cos,sub,1.0614802839077315,x5,0.28521658621207513,x2,mul,add,add,x2,x1,x2,0.6348941856885773",0.21243236855165265,0.21243236855165265,False
0.6845007205971446,1,0,x2 - exp(6.369594376882388*sin(26.43448842285624*(log(19.0515994184337 - 7.708999256129547*sin(sin(tanh(x5 + 0.25672725052350792) - 2.194101174896643))) - 3.2073068858156923)*sin(0.13837533235389254*x1 + x2) - 0.3592059931597458)),"sub,x2,exp,mul,6.369594376882388,sin,mul,sub,mul,sub,log,add,mul,-4.36481378966316,-4.36481378966316,mul,7.708999256129547,sin,sin,sub,2.194101174896643,tanh,sub,x5,tanh,tanh,-0.26890062155017114,3.2073068858156923,sin,sub,x2,mul,x1,-0.13837533235389254,0.01358853583295234,26.43448842285624",0.21244617879891495,0.21244617879891495,False
0.6842307055301768,1,0,0.002105156165505553*x2 - 0.002105156165505553*x3 - 2.205305998957217*(-x3 - 2.7087787562593917*sin(x2 + 2.2704150189143806) + 1.7862808361648075)*sin(sin(sin(exp(x1) - 0.15640211502525877*exp(sin(tanh(-x3 + tanh(x2))) + tanh(937.2484234092876 - x5))))) + 0.7618470924174948*sin(x2 + 0.002160489016452354) + tanh(x2*x5) - 0.389708232838749,"sub,sin,exp,1.264665398412155,sub,mul,sub,x3,add,add,mul,361.8957609420569,sin,add,x2,inv,462.8581734898411,mul,1047.573588645198,mul,sub,1.7862808361648075,add,x3,mul,2.7087787562593917,sin,add,2.2704150189143806,x2,sin,sin,sin,sub,exp,sub,add,tanh,sub,937.2484234092876,x5,sin,tanh,sub,tanh,x2,x3,1.8553249277829598,exp,x1,x2,0.002105156165505553,tanh,mul,x2,x5",0.2129779655453632,0.2129779655453632,False
0.683930480300564,1,0,cos((-1.6412734349081801*x1 - 1.6412734349081801*x2 + 1.6412734349081801*x5 - 0.91434923316260799)*sin(0.9993436808085081*sin(sin(x2 - x4*(x4 - 0.8060442499404166) + cos(2*x2 - 3.0174160009053685) - 2.1642926542606467))) + 1.7019611506200933),"cos,add,1.7019611506200933,sub,mul,x3,sub,x2,x2,mul,mul,sub,sub,1.088576520880405,sub,0.9114168501263692,sub,x5,0.9114168501263692,sub,x2,sub,sub,1.088576520880405,x1,0.91141678408854,1.6412734349081801,sin,mul,sin,1.607028660325591,sin,sin,add,sub,sub,2.1642926542606467,x2,cos,sub,add,sub,add,x2,sub,sub,x2,sub,sub,x2,x2,x2,x2,x2,x2,3.0174160009053685,mul,sub,x4,sub,x2,add,-0.8060442499404166,x2,x4",0.21357052477158975,0.21357052477158975,False
0.6839099429921175,1,0,tanh(2.281736787324448*exp(1.738778617562283*x2*(-sin(9.1045082966396627*x1*tanh(cos(1.7151252544451661*x2/(x2 - 0.8911630232664957) - 1.6475061628558117)) + x2 + 5.733382287012264) - 2.139794812527331))) - 1.0638632898634637,"sub,tanh,exp,add,mul,mul,sin,exp,sin,exp,sin,1.2848744982863345,mul,1.745712516712229,x2,add,-2.139794812527331,sin,sub,mul,3.9080903940648177,sub,tanh,-0.4722928459832696,mul,x1,mul,2.3296565275119017,tanh,cos,mul,tanh,3.3056485243935607,mul,sin,2.619637005461386,add,2.3892518217762375,sub,tanh,1.6161979654400491,div,mul,3.44931223091312,x2,sub,x2,sin,exp,0.7137780869435201,add,4.013626995962837,x2,0.8249369018094781,exp,0.061906895693865836",0.2136111086858956,0.2136111086858956,False
0.6836534584313455,1,0,x2*(x2*(-8.07597635038706*(x5 + 1.262832570629218)*(-0.56648238161411656*x1*x2 + 0.4981576400170421*x1 + 0.997547216106522)*cos(x5) + 7.994568177985024) - x2 - x5 + cos(x2 + tanh(2.62909549321618*x2) + 4.3533563527008384) + 0.71373529211489552),"mul,sub,mul,x2,sub,mul,-8.07597635038706,mul,cos,x5,mul,add,x5,1.262832570629218,mul,exp,-0.6968387058287081,add,x1,sub,mul,-1.1371548604468598,mul,x1,x2,-2.002472984399869,-7.994568177985024,add,add,add,x5,x2,0.4287530548365669,sub,0.42875322956138057,add,cos,add,add,add,2.176677808680361,x2,2.1766785440204774,tanh,mul,x2,2.62909549321618,1.571241576512843,x2",0.21411847994616706,0.21411847994616706,False
0.6833061316540671,1,0,2.1525453691270315*cos(cos(-x2 + 0.3315816660080496*sin(x1) + 3.6244939855434708) - 3.6906104863469054)/(0.100263814312183*x5 + 0.2379945024422551*exp(0.91814235742360976*(sin(2*x2) - 0.599011433160673)*(0.588939150177205*x2 - 10.701747715200038*x5*sin(7.037725915857897*exp(-exp(x2*x3 + x2))) - 2.2435836446719759))),"mul,div,2.1525453691270315,div,add,mul,2.373682909182287,exp,mul,mul,sub,-1.9470347474284904,sub,mul,sub,mul,mul,4.2627739416970325,mul,x5,sin,exp,sub,exp,0.6684881784236453,exp,add,mul,x2,x3,x2,4.262770788433974,x2,exp,sin,-0.5579313767963,tanh,div,-0.6023945933068323,1.9703388167884104,sub,sin,add,x2,x2,0.599011433160673,sin,1.1633666763355541,x5,mul,mul,2.152545037551233,2.152545037551233,2.152540263759946,cos,sub,3.6906104863469054,cos,sub,mul,0.3315816660080496,add,10.930923983762966,sin,x1,x2",0.21480712078712272,0.21480712078712272,False
0.6829799016581543,1,0,(-x5 - 0.5328404089336733)*(-x2*exp(x5*(x3 + tanh(-x1 + 1.7597540715164029*exp(1.9137508168543393*x2 - x5 + cos(-3.9058838917825591*x2 + 3.9058838917825591*x5*(-x1 + x3*(exp(x5*(-x1 + 2*x4 + 1.58921870949709)) + 1.0)) + 8.3421701559354473))))) + (3.7734686588584263 - x2)*(x2 - 0.028050225197271062)),"mul,sub,sin,-0.5619536332427957,x5,sub,mul,add,sin,-0.028053904890558368,x2,sub,3.7734686588584263,x2,mul,exp,mul,add,tanh,sub,exp,add,sub,1.7770179577973881,mul,1.9137508168543393,sub,0.31661485983070387,sub,x2,0.3166148584435095,sub,cos,mul,1.976331448490189,mul,1.9763303846459785,sub,x2,add,sub,exp,1.0793437689828744,0.8069520603111009,mul,sub,mul,add,1.0,exp,mul,add,sub,1.0,sub,add,sub,sub,sin,exp,1.0,1.0,mul,sub,x1,x1,x1,x1,x4,x4,x5,x3,x1,x5,x5,x1,x3,x5,x2",0.21545557956413197,0.21545557956413197,False
