density,temperature,TPSA,MW,LogP,HallKierAlpha,delta_phi
0.001,280,31.5,18.015,-0.8247,-0.04,87.36899299002854
56000.0,280,31.5,18.015,-0.8247,-0.04,0.0252285425488747
0.001,330,31.5,18.015,-0.8247,-0.04,32.17593225936558
54868.686888888886,330,31.5,18.015,-0.8247,-0.04,0.0593111904080271
55434.34344444444,330,31.5,18.015,-0.8247,-0.04,0.0600306371013134
56000.0,330,31.5,18.015,-0.8247,-0.04,0.0600484711622761
0.001,380,31.5,18.015,-0.8247,-0.04,14.565726077020486
53171.71722222221,380,31.5,18.015,-0.8247,-0.04,0.0786119700866746
53737.37377777777,380,31.5,18.015,-0.8247,-0.04,0.076749798328754
54303.03033333333,380,31.5,18.015,-0.8247,-0.04,0.0741242902351858
54868.686888888886,380,31.5,18.015,-0.8247,-0.04,0.0706867608330251
55434.34344444444,380,31.5,18.015,-0.8247,-0.04,0.0663860836705118
56000.0,380,31.5,18.015,-0.8247,-0.04,0.0611686291464814
0.001,430,31.5,18.015,-0.8247,-0.04,7.269870355866835
50909.09099999999,430,31.5,18.015,-0.8247,-0.04,0.0832364901537181
51474.74755555555,430,31.5,18.015,-0.8247,-0.04,0.0800558649670364
52040.40411111111,430,31.5,18.015,-0.8247,-0.04,0.0760694802485383
52606.06066666666,430,31.5,18.015,-0.8247,-0.04,0.0712324410528878
53171.71722222221,430,31.5,18.015,-0.8247,-0.04,0.0654967969212888
53737.37377777777,430,31.5,18.015,-0.8247,-0.04,0.0588115197019861
54303.03033333333,430,31.5,18.015,-0.8247,-0.04,0.0511224539534466
54868.686888888886,430,31.5,18.015,-0.8247,-0.04,0.0423722455849976
55434.34344444444,430,31.5,18.015,-0.8247,-0.04,0.0325002533451547
56000.0,430,31.5,18.015,-0.8247,-0.04,0.0214424465611404
0.001,480,31.5,18.015,-0.8247,-0.04,3.6951949543094216
48080.808222222215,480,31.5,18.015,-0.8247,-0.04,0.0713394981845151
48646.46477777777,480,31.5,18.015,-0.8247,-0.04,0.0683455080184946
49212.12133333333,480,31.5,18.015,-0.8247,-0.04,0.0645294667189297
49777.777888888886,480,31.5,18.015,-0.8247,-0.04,0.0598539680601108
50343.43444444444,480,31.5,18.015,-0.8247,-0.04,0.0542783996841759
50909.09099999999,480,31.5,18.015,-0.8247,-0.04,0.0477589358640111
51474.74755555555,480,31.5,18.015,-0.8247,-0.04,0.0402485046011662
52040.40411111111,480,31.5,18.015,-0.8247,-0.04,0.0316967332848355
52606.06066666666,480,31.5,18.015,-0.8247,-0.04,0.0220498768904721
53171.71722222221,480,31.5,18.015,-0.8247,-0.04,0.0112507322383007
53737.37377777777,480,31.5,18.015,-0.8247,-0.04,-0.0007614588221735
54303.03033333333,480,31.5,18.015,-0.8247,-0.04,-0.0140511152235626
54868.686888888886,480,31.5,18.015,-0.8247,-0.04,-0.0286864302570738
55434.34344444444,480,31.5,18.015,-0.8247,-0.04,-0.0447394925258025
56000.0,480,31.5,18.015,-0.8247,-0.04,-0.0622864146723725
0.001,530,31.5,18.015,-0.8247,-0.04,1.7301081749645582
565.6575555555555,530,31.5,18.015,-0.8247,-0.04,0.9743834928105672
1131.314111111111,530,31.5,18.015,-0.8247,-0.04,0.3675724853530993
44121.21233333333,530,31.5,18.015,-0.8247,-0.04,0.0369541969614665
44686.86888888889,530,31.5,18.015,-0.8247,-0.04,0.0364686823025822
45252.52544444444,530,31.5,18.015,-0.8247,-0.04,0.0351929099868347
45818.18199999999,530,31.5,18.015,-0.8247,-0.04,0.0331013859129702
46383.83855555555,530,31.5,18.015,-0.8247,-0.04,0.0301655808853481
46949.49511111111,530,31.5,18.015,-0.8247,-0.04,0.0263539684187369
47515.151666666665,530,31.5,18.015,-0.8247,-0.04,0.0216320361180388
48080.808222222215,530,31.5,18.015,-0.8247,-0.04,0.015962272792828
48646.46477777777,530,31.5,18.015,-0.8247,-0.04,0.0093041332161062
49212.12133333333,530,31.5,18.015,-0.8247,-0.04,0.001613982660947
49777.777888888886,530,31.5,18.015,-0.8247,-0.04,-0.0071549763202144
50343.43444444444,530,31.5,18.015,-0.8247,-0.04,-0.0170527921810921
50909.09099999999,530,31.5,18.015,-0.8247,-0.04,-0.0281328650100409
51474.74755555555,530,31.5,18.015,-0.8247,-0.04,-0.040452056967182
52040.40411111111,530,31.5,18.015,-0.8247,-0.04,-0.0540708103726593
52606.06066666666,530,31.5,18.015,-0.8247,-0.04,-0.0690532718063535
53171.71722222221,530,31.5,18.015,-0.8247,-0.04,-0.085467421183529
53737.37377777777,530,31.5,18.015,-0.8247,-0.04,-0.1033852054094017
54303.03033333333,530,31.5,18.015,-0.8247,-0.04,-0.1228826768475112
54868.686888888886,530,31.5,18.015,-0.8247,-0.04,-0.1440401374271189
55434.34344444444,530,31.5,18.015,-0.8247,-0.04,-0.1669422897453228
56000.0,530,31.5,18.015,-0.8247,-0.04,-0.191678396974358
0.001,580,31.5,18.015,-0.8247,-0.04,0.5527736580559819
565.6575555555555,580,31.5,18.015,-0.8247,-0.04,0.1757337052211976
1131.314111111111,580,31.5,18.015,-0.8247,-0.04,-0.1357347869125049
1696.9706666666666,580,31.5,18.015,-0.8247,-0.04,-0.3935505294904354
2262.6272222222224,580,31.5,18.015,-0.8247,-0.04,-0.6068804822894939
2828.2837777777777,580,31.5,18.015,-0.8247,-0.04,-0.7832423467628042
39030.30333333333,580,31.5,18.015,-0.8247,-0.04,-0.04239928742831
39595.95988888889,580,31.5,18.015,-0.8247,-0.04,-0.0383160281956079
40161.61644444444,580,31.5,18.015,-0.8247,-0.04,-0.0349761252301038
40727.273,580,31.5,18.015,-0.8247,-0.04,-0.0323918910558327
41292.92955555555,580,31.5,18.015,-0.8247,-0.04,-0.0305783754555196
41858.58611111111,580,31.5,18.015,-0.8247,-0.04,-0.0295532987441672
42424.242666666665,580,31.5,18.015,-0.8247,-0.04,-0.0293370081627158
42989.899222222215,580,31.5,18.015,-0.8247,-0.04,-0.029952449754254
43555.55577777777,580,31.5,18.015,-0.8247,-0.04,-0.0314251522197783
44121.21233333333,580,31.5,18.015,-0.8247,-0.04,-0.0337832220477889
44686.86888888889,580,31.5,18.015,-0.8247,-0.04,-0.0370573508111938
45252.52544444444,580,31.5,18.015,-0.8247,-0.04,-0.0412808361519424
45818.18199999999,580,31.5,18.015,-0.8247,-0.04,-0.0464896178903432
46383.83855555555,580,31.5,18.015,-0.8247,-0.04,-0.0527223301716331
46949.49511111111,580,31.5,18.015,-0.8247,-0.04,-0.0600203698270914
47515.151666666665,580,31.5,18.015,-0.8247,-0.04,-0.0684279803699401
48080.808222222215,580,31.5,18.015,-0.8247,-0.04,-0.0779923503932042
48646.46477777777,580,31.5,18.015,-0.8247,-0.04,-0.0887637246651406
49212.12133333333,580,31.5,18.015,-0.8247,-0.04,-0.1007955259597678
49777.777888888886,580,31.5,18.015,-0.8247,-0.04,-0.1141444856142093
50343.43444444444,580,31.5,18.015,-0.8247,-0.04,-0.1288707809465102
50909.09099999999,580,31.5,18.015,-0.8247,-0.04,-0.1450381779621515
51474.74755555555,580,31.5,18.015,-0.8247,-0.04,-0.1627141781830733
52040.40411111111,580,31.5,18.015,-0.8247,-0.04,-0.1819701689071009
52606.06066666666,580,31.5,18.015,-0.8247,-0.04,-0.2028815767146965
53171.71722222221,580,31.5,18.015,-0.8247,-0.04,-0.2255280245482455
53737.37377777777,580,31.5,18.015,-0.8247,-0.04,-0.2499934931773068
54303.03033333333,580,31.5,18.015,-0.8247,-0.04,-0.276366488309743
54868.686888888886,580,31.5,18.015,-0.8247,-0.04,-0.3047402150044883
55434.34344444444,580,31.5,18.015,-0.8247,-0.04,-0.3352127613803357
56000.0,580,31.5,18.015,-0.8247,-0.04,-0.3678872938959017
0.001,630,31.5,18.015,-0.8247,-0.04,-0.2046306732641106
565.6575555555555,630,31.5,18.015,-0.8247,-0.04,-0.4008559764223607
1131.314111111111,630,31.5,18.015,-0.8247,-0.04,-0.5654013311859231
1696.9706666666666,630,31.5,18.015,-0.8247,-0.04,-0.7026498646663969
2262.6272222222224,630,31.5,18.015,-0.8247,-0.04,-0.8162227271654704
2828.2837777777777,630,31.5,18.015,-0.8247,-0.04,-0.9091865305707943
3393.940333333333,630,31.5,18.015,-0.8247,-0.04,-0.9841854848563598
3959.596888888889,630,31.5,18.015,-0.8247,-0.04,-1.043528694492987
4525.2534444444445,630,31.5,18.015,-0.8247,-0.04,-1.0892498088587903
5090.91,630,31.5,18.015,-0.8247,-0.04,-1.1231491950859278
5656.566555555555,630,31.5,18.015,-0.8247,-0.04,-1.1468248743519562
6222.223111111111,630,31.5,18.015,-0.8247,-0.04,-1.1616961672872792
6787.879666666667,630,31.5,18.015,-0.8247,-0.04,-1.1690226033677271
7353.536222222222,630,31.5,18.015,-0.8247,-0.04,-1.1699197839846016
30545.455,630,31.5,18.015,-0.8247,-0.04,-0.2468255876141269
31111.111555555555,630,31.5,18.015,-0.8247,-0.04,-0.2339039753173439
31676.768111111112,630,31.5,18.015,-0.8247,-0.04,-0.2216840192468022
32242.424666666662,630,31.5,18.015,-0.8247,-0.04,-0.2101591833898248
32808.081222222216,630,31.5,18.015,-0.8247,-0.04,-0.1993253793758934
33373.73777777777,630,31.5,18.015,-0.8247,-0.04,-0.1891809113268542
33939.39433333333,630,31.5,18.015,-0.8247,-0.04,-0.1797263935412921
34505.05088888889,630,31.5,18.015,-0.8247,-0.04,-0.1709646403496397
35070.70744444444,630,31.5,18.015,-0.8247,-0.04,-0.1629005473226129
35636.363999999994,630,31.5,18.015,-0.8247,-0.04,-0.1555409865037584
36202.02055555555,630,31.5,18.015,-0.8247,-0.04,-0.1488947320187963
36767.67711111111,630,31.5,18.015,-0.8247,-0.04,-0.1429724226216974
37333.333666666666,630,31.5,18.015,-0.8247,-0.04,-0.1377865589356979
37898.990222222215,630,31.5,18.015,-0.8247,-0.04,-0.1333515275177611
38464.64677777777,630,31.5,18.015,-0.8247,-0.04,-0.1296836417501858
39030.30333333333,630,31.5,18.015,-0.8247,-0.04,-0.1268011901839647
39595.95988888889,630,31.5,18.015,-0.8247,-0.04,-0.1247244852079862
40161.61644444444,630,31.5,18.015,-0.8247,-0.04,-0.1234759077747152
40727.273,630,31.5,18.015,-0.8247,-0.04,-0.1230799466607346
41292.92955555555,630,31.5,18.015,-0.8247,-0.04,-0.123563232977561
41858.58611111111,630,31.5,18.015,-0.8247,-0.04,-0.1249545722143823
42424.242666666665,630,31.5,18.015,-0.8247,-0.04,-0.1272849769817884
42989.899222222215,630,31.5,18.015,-0.8247,-0.04,-0.1305877039151889
43555.55577777777,630,31.5,18.015,-0.8247,-0.04,-0.134898298006203
44121.21233333333,630,31.5,18.015,-0.8247,-0.04,-0.1402546470990083
44686.86888888889,630,31.5,18.015,-0.8247,-0.04,-0.1466970485479288
45252.52544444444,630,31.5,18.015,-0.8247,-0.04,-0.154268289205674
45818.18199999999,630,31.5,18.015,-0.8247,-0.04,-0.163013739099828
46383.83855555555,630,31.5,18.015,-0.8247,-0.04,-0.1729814584349499
46949.49511111111,630,31.5,18.015,-0.8247,-0.04,-0.1842223169812004
47515.151666666665,630,31.5,18.015,-0.8247,-0.04,-0.1967901245047445
48080.808222222215,630,31.5,18.015,-0.8247,-0.04,-0.2107417706675048
48646.46477777777,630,31.5,18.015,-0.8247,-0.04,-0.2261373727660873
49212.12133333333,630,31.5,18.015,-0.8247,-0.04,-0.2430404297714377
49777.777888888886,630,31.5,18.015,-0.8247,-0.04,-0.2615179813457116
50343.43444444444,630,31.5,18.015,-0.8247,-0.04,-0.2816407708223533
50909.09099999999,630,31.5,18.015,-0.8247,-0.04,-0.303483411508699
51474.74755555555,630,31.5,18.015,-0.8247,-0.04,-0.3271245560818059
52040.40411111111,630,31.5,18.015,-0.8247,-0.04,-0.3526470692723172
52606.06066666666,630,31.5,18.015,-0.8247,-0.04,-0.3801382044496278
53171.71722222221,630,31.5,18.015,-0.8247,-0.04,-0.4096897851168609
53737.37377777777,630,31.5,18.015,-0.8247,-0.04,-0.4413983926878065
54303.03033333333,630,31.5,18.015,-0.8247,-0.04,-0.4753655622406566
54868.686888888886,630,31.5,18.015,-0.8247,-0.04,-0.5116979882222931
55434.34344444444,630,31.5,18.015,-0.8247,-0.04,-0.5505077423133232
56000.0,630,31.5,18.015,-0.8247,-0.04,-0.5919125058574362
0.001,680,31.5,18.015,-0.8247,-0.04,-0.7246089948449853
565.6575555555555,680,31.5,18.015,-0.8247,-0.04,-0.8285357801054103
1131.314111111111,680,31.5,18.015,-0.8247,-0.04,-0.9154150091915207
1696.9706666666666,680,31.5,18.015,-0.8247,-0.04,-0.9871912872313474
2262.6272222222224,680,31.5,18.015,-0.8247,-0.04,-1.0455787788399298
2828.2837777777777,680,31.5,18.015,-0.8247,-0.04,-1.092104959554473
3393.940333333333,680,31.5,18.015,-0.8247,-0.04,-1.1281407805937187
3959.596888888889,680,31.5,18.015,-0.8247,-0.04,-1.1549220543145944
4525.2534444444445,680,31.5,18.015,-0.8247,-0.04,-1.173565097991811
5090.91,680,31.5,18.015,-0.8247,-0.04,-1.1850786124986277
5656.566555555555,680,31.5,18.015,-0.8247,-0.04,-1.1903731048106998
6222.223111111111,680,31.5,18.015,-0.8247,-0.04,-1.1902687289119638
6787.879666666667,680,31.5,18.015,-0.8247,-0.04,-1.185502128699999
7353.536222222222,680,31.5,18.015,-0.8247,-0.04,-1.1767326664957702
7919.192777777778,680,31.5,18.015,-0.8247,-0.04,-1.1645482802512055
8484.849333333334,680,31.5,18.015,-0.8247,-0.04,-1.1494711119543346
9050.505888888889,680,31.5,18.015,-0.8247,-0.04,-1.1319629764900103
9616.162444444444,680,31.5,18.015,-0.8247,-0.04,-1.1124306858947794
10181.819,680,31.5,18.015,-0.8247,-0.04,-1.091231203075932
10747.475555555557,680,31.5,18.015,-0.8247,-0.04,-1.0686765701472711
11313.13211111111,680,31.5,18.015,-0.8247,-0.04,-1.0450385451490516
11878.788666666667,680,31.5,18.015,-0.8247,-0.04,-1.020552901392363
12444.445222222224,680,31.5,18.015,-0.8247,-0.04,-0.9954234119678512
13010.101777777778,680,31.5,18.015,-0.8247,-0.04,-0.9698256551346304
13575.758333333331,680,31.5,18.015,-0.8247,-0.04,-0.9439108872158746
14141.414888888889,680,31.5,18.015,-0.8247,-0.04,-0.9178102417519292
14707.071444444444,680,31.5,18.015,-0.8247,-0.04,-0.8916393217117959
15272.728,680,31.5,18.015,-0.8247,-0.04,-0.8655028284575064
15838.384555555556,680,31.5,18.015,-0.8247,-0.04,-0.8394983581385969
16404.04111111111,680,31.5,18.015,-0.8247,-0.04,-0.8137182144986704
16969.697666666667,680,31.5,18.015,-0.8247,-0.04,-0.7882483957585816
17535.35422222222,680,31.5,18.015,-0.8247,-0.04,-0.7631649278342919
18101.010777777778,680,31.5,18.015,-0.8247,-0.04,-0.738529044778852
18666.66733333333,680,31.5,18.015,-0.8247,-0.04,-0.7143833245369081
19232.323888888888,680,31.5,18.015,-0.8247,-0.04,-0.6907520460859742
19797.980444444445,680,31.5,18.015,-0.8247,-0.04,-0.6676464006780863
20363.637,680,31.5,18.015,-0.8247,-0.04,-0.6450710674579629
20929.29355555556,680,31.5,18.015,-0.8247,-0.04,-0.6230299852537833
21494.95011111111,680,31.5,18.015,-0.8247,-0.04,-0.6015296924562089
22060.606666666667,680,31.5,18.015,-0.8247,-0.04,-0.5805799304417738
22626.26322222222,680,31.5,18.015,-0.8247,-0.04,-0.5601923372019778
23191.919777777777,680,31.5,18.015,-0.8247,-0.04,-0.5403784851670549
23757.57633333333,680,31.5,18.015,-0.8247,-0.04,-0.5211482904559961
24323.232888888888,680,31.5,18.015,-0.8247,-0.04,-0.5025092843662469
24888.889444444445,680,31.5,18.015,-0.8247,-0.04,-0.4844667344664521
25454.546,680,31.5,18.015,-0.8247,-0.04,-0.467024310545768
26020.20255555556,680,31.5,18.015,-0.8247,-0.04,-0.4501849228650332
26585.85911111111,680,31.5,18.015,-0.8247,-0.04,-0.4339514422107375
27151.515666666663,680,31.5,18.015,-0.8247,-0.04,-0.4183271542799147
27717.172222222223,680,31.5,18.015,-0.8247,-0.04,-0.403315937188772
28282.828777777777,680,31.5,18.015,-0.8247,-0.04,-0.3889222418020482
28848.48533333333,680,31.5,18.015,-0.8247,-0.04,-0.3751509885897346
29414.141888888887,680,31.5,18.015,-0.8247,-0.04,-0.3620074814714911
29979.798444444445,680,31.5,18.015,-0.8247,-0.04,-0.3494973996161216
30545.455,680,31.5,18.015,-0.8247,-0.04,-0.3376268838271538
31111.111555555555,680,31.5,18.015,-0.8247,-0.04,-0.326402699692481
31676.768111111112,680,31.5,18.015,-0.8247,-0.04,-0.3158324415100947
32242.424666666662,680,31.5,18.015,-0.8247,-0.04,-0.3059247388296019
32808.081222222216,680,31.5,18.015,-0.8247,-0.04,-0.296689436757263
33373.73777777777,680,31.5,18.015,-0.8247,-0.04,-0.2881377356833524
33939.39433333333,680,31.5,18.015,-0.8247,-0.04,-0.2802822899674694
34505.05088888889,680,31.5,18.015,-0.8247,-0.04,-0.2731372745255598
35070.70744444444,680,31.5,18.015,-0.8247,-0.04,-0.2667184319491588
35636.363999999994,680,31.5,18.015,-0.8247,-0.04,-0.2610431116669754
36202.02055555555,680,31.5,18.015,-0.8247,-0.04,-0.2561303088116397
36767.67711111111,680,31.5,18.015,-0.8247,-0.04,-0.2520007060555728
37333.333666666666,680,31.5,18.015,-0.8247,-0.04,-0.2486767182656215
37898.990222222215,680,31.5,18.015,-0.8247,-0.04,-0.2461825380441171
38464.64677777777,680,31.5,18.015,-0.8247,-0.04,-0.2445441799883834
39030.30333333333,680,31.5,18.015,-0.8247,-0.04,-0.2437895223044845
39595.95988888889,680,31.5,18.015,-0.8247,-0.04,-0.2439483456696528
40161.61644444444,680,31.5,18.015,-0.8247,-0.04,-0.2450523704770291
40727.273,680,31.5,18.015,-0.8247,-0.04,-0.2471352945322588
41292.92955555555,680,31.5,18.015,-0.8247,-0.04,-0.2502328337984172
41858.58611111111,680,31.5,18.015,-0.8247,-0.04,-0.2543827689101943
42424.242666666665,680,31.5,18.015,-0.8247,-0.04,-0.2596249999755868
42989.899222222215,680,31.5,18.015,-0.8247,-0.04,-0.2660016117447037
43555.55577777777,680,31.5,18.015,-0.8247,-0.04,-0.2735569506486958
44121.21233333333,680,31.5,18.015,-0.8247,-0.04,-0.2823377145777882
44686.86888888889,680,31.5,18.015,-0.8247,-0.04,-0.2923930556470357
45252.52544444444,680,31.5,18.015,-0.8247,-0.04,-0.3037746956407919
45818.18199999999,680,31.5,18.015,-0.8247,-0.04,-0.3165370533710574
46383.83855555555,680,31.5,18.015,-0.8247,-0.04,-0.3307373828500566
46949.49511111111,680,31.5,18.015,-0.8247,-0.04,-0.3464359209726477
47515.151666666665,680,31.5,18.015,-0.8247,-0.04,-0.3636960433277385
48080.808222222215,680,31.5,18.015,-0.8247,-0.04,-0.382584426798974
48646.46477777777,680,31.5,18.015,-0.8247,-0.04,-0.4031712177577931
49212.12133333333,680,31.5,18.015,-0.8247,-0.04,-0.4255302048774888
49777.777888888886,680,31.5,18.015,-0.8247,-0.04,-0.4497389958853415
50343.43444444444,680,31.5,18.015,-0.8247,-0.04,-0.4758791978997051
50909.09099999999,680,31.5,18.015,-0.8247,-0.04,-0.5040366013530775
51474.74755555555,680,31.5,18.015,-0.8247,-0.04,-0.5343013678627243
52040.40411111111,680,31.5,18.015,-0.8247,-0.04,-0.5667682227645415
52606.06066666666,680,31.5,18.015,-0.8247,-0.04,-0.6015366533619303
53171.71722222221,680,31.5,18.015,-0.8247,-0.04,-0.6387111142515665
53737.37377777777,680,31.5,18.015,-0.8247,-0.04,-0.678401241367842
54303.03033333333,680,31.5,18.015,-0.8247,-0.04,-0.7207220766330851
54868.686888888886,680,31.5,18.015,-0.8247,-0.04,-0.7657943053136239
55434.34344444444,680,31.5,18.015,-0.8247,-0.04,-0.8137445083614793
56000.0,680,31.5,18.015,-0.8247,-0.04,-0.8647054321746148
0.001,730,31.5,18.015,-0.8247,-0.04,-1.1051196534065653
565.6575555555555,730,31.5,18.015,-0.8247,-0.04,-1.1596116015425242
1131.314111111111,730,31.5,18.015,-0.8247,-0.04,-1.203904764479418
1696.9706666666666,730,31.5,18.015,-0.8247,-0.04,-1.239033381150183
2262.6272222222224,730,31.5,18.015,-0.8247,-0.04,-1.2659478527115553
2828.2837777777777,730,31.5,18.015,-0.8247,-0.04,-1.2855236120923472
3393.940333333333,730,31.5,18.015,-0.8247,-0.04,-1.2985675436139656
3959.596888888889,730,31.5,18.015,-0.8247,-0.04,-1.3058227779926692
4525.2534444444445,730,31.5,18.015,-0.8247,-0.04,-1.307972448168345
5090.91,730,31.5,18.015,-0.8247,-0.04,-1.3056428140202183
5656.566555555555,730,31.5,18.015,-0.8247,-0.04,-1.299406039012012
6222.223111111111,730,31.5,18.015,-0.8247,-0.04,-1.2897828113344598
6787.879666666667,730,31.5,18.015,-0.8247,-0.04,-1.2772449352267
7353.536222222222,730,31.5,18.015,-0.8247,-0.04,-1.2622179679954304
7919.192777777778,730,31.5,18.015,-0.8247,-0.04,-1.245083940417092
8484.849333333334,730,31.5,18.015,-0.8247,-0.04,-1.2261841698228049
9050.505888888889,730,31.5,18.015,-0.8247,-0.04,-1.2058221542915517
9616.162444444444,730,31.5,18.015,-0.8247,-0.04,-1.184266521640538
10181.819,730,31.5,18.015,-0.8247,-0.04,-1.161753997291209
10747.475555555557,730,31.5,18.015,-0.8247,-0.04,-1.138492349799449
11313.13211111111,730,31.5,18.015,-0.8247,-0.04,-1.1146632712049127
11878.788666666667,730,31.5,18.015,-0.8247,-0.04,-1.0904251508114189
12444.445222222224,730,31.5,18.015,-0.8247,-0.04,-1.0659157050679968
13010.101777777778,730,31.5,18.015,-0.8247,-0.04,-1.0412544324328104
13575.758333333331,730,31.5,18.015,-0.8247,-0.04,-1.0165448700124773
14141.414888888889,730,31.5,18.015,-0.8247,-0.04,-0.9918766378170968
14707.071444444444,730,31.5,18.015,-0.8247,-0.04,-0.9673272659402852
15272.728,730,31.5,18.015,-0.8247,-0.04,-0.9429638089624204
15838.384555555556,730,31.5,18.015,-0.8247,-0.04,-0.9188442593899336
16404.04111111111,730,31.5,18.015,-0.8247,-0.04,-0.8950187770440626
16969.697666666667,730,31.5,18.015,-0.8247,-0.04,-0.8715307532926809
17535.35422222222,730,31.5,18.015,-0.8247,-0.04,-0.848417727639078
18101.010777777778,730,31.5,18.015,-0.8247,-0.04,-0.8257121699447396
18666.66733333333,730,31.5,18.015,-0.8247,-0.04,-0.8034421362432856
19232.323888888888,730,31.5,18.015,-0.8247,-0.04,-0.7816318009781953
19797.980444444445,730,31.5,18.015,-0.8247,-0.04,-0.7603018702135834
20363.637,730,31.5,18.015,-0.8247,-0.04,-0.7394698911457307
20929.29355555556,730,31.5,18.015,-0.8247,-0.04,-0.7191504890077982
21494.95011111111,730,31.5,18.015,-0.8247,-0.04,-0.6993555826273575
22060.606666666667,730,31.5,18.015,-0.8247,-0.04,-0.6800946425435191
22626.26322222222,730,31.5,18.015,-0.8247,-0.04,-0.6613750494875538
23191.919777777777,730,31.5,18.015,-0.8247,-0.04,-0.643202580583849
23757.57633333333,730,31.5,18.015,-0.8247,-0.04,-0.625582002209144
24323.232888888888,730,31.5,18.015,-0.8247,-0.04,-0.6085177007122952
24888.889444444445,730,31.5,18.015,-0.8247,-0.04,-0.5920142575054302
25454.546,730,31.5,18.015,-0.8247,-0.04,-0.5760768859793916
26020.20255555556,730,31.5,18.015,-0.8247,-0.04,-0.5607116883939051
26585.85911111111,730,31.5,18.015,-0.8247,-0.04,-0.5459257407707138
27151.515666666663,730,31.5,18.015,-0.8247,-0.04,-0.53172705139509
27717.172222222223,730,31.5,18.015,-0.8247,-0.04,-0.5181244538460421
28282.828777777777,730,31.5,18.015,-0.8247,-0.04,-0.5051274917417116
28848.48533333333,730,31.5,18.015,-0.8247,-0.04,-0.4927463384573775
29414.141888888887,730,31.5,18.015,-0.8247,-0.04,-0.4809917778047325
29979.798444444445,730,31.5,18.015,-0.8247,-0.04,-0.4698752542121823
30545.455,730,31.5,18.015,-0.8247,-0.04,-0.4594089851567302
31111.111555555555,730,31.5,18.015,-0.8247,-0.04,-0.4496061167592007
31676.768111111112,730,31.5,18.015,-0.8247,-0.04,-0.4404808977203034
32242.424666666662,730,31.5,18.015,-0.8247,-0.04,-0.4320488477566713
32808.081222222216,730,31.5,18.015,-0.8247,-0.04,-0.4243269029640474
33373.73777777777,730,31.5,18.015,-0.8247,-0.04,-0.4173335292998461
33939.39433333333,730,31.5,18.015,-0.8247,-0.04,-0.4110888037065081
34505.05088888889,730,31.5,18.015,-0.8247,-0.04,-0.4056144682401246
35070.70744444444,730,31.5,18.015,-0.8247,-0.04,-0.400933965200871
35636.363999999994,730,31.5,18.015,-0.8247,-0.04,-0.3970724611361967
36202.02055555555,730,31.5,18.015,-0.8247,-0.04,-0.3940568658204374
36767.67711111111,730,31.5,18.015,-0.8247,-0.04,-0.3919158500939584
37333.333666666666,730,31.5,18.015,-0.8247,-0.04,-0.3906798646228706
37898.990222222215,730,31.5,18.015,-0.8247,-0.04,-0.390381160588473
38464.64677777777,730,31.5,18.015,-0.8247,-0.04,-0.3910538130056801
39030.30333333333,730,31.5,18.015,-0.8247,-0.04,-0.3927337475419369
39595.95988888889,730,31.5,18.015,-0.8247,-0.04,-0.3954587720726038
40161.61644444444,730,31.5,18.015,-0.8247,-0.04,-0.3992686145252713
40727.273,730,31.5,18.015,-0.8247,-0.04,-0.4042049687143032
41292.92955555555,730,31.5,18.015,-0.8247,-0.04,-0.4103115498075971
41858.58611111111,730,31.5,18.015,-0.8247,-0.04,-0.4176341608301626
42424.242666666665,730,31.5,18.015,-0.8247,-0.04,-0.426220771243041
42989.899222222215,730,31.5,18.015,-0.8247,-0.04,-0.4361216082031786
43555.55577777777,730,31.5,18.015,-0.8247,-0.04,-0.4473892606603734
44121.21233333333,730,31.5,18.015,-0.8247,-0.04,-0.460078796027615
44686.86888888889,730,31.5,18.015,-0.8247,-0.04,-0.4742478887992664
45252.52544444444,730,31.5,18.015,-0.8247,-0.04,-0.4899569602098395
45818.18199999999,730,31.5,18.015,-0.8247,-0.04,-0.5072693278377487
46383.83855555555,730,31.5,18.015,-0.8247,-0.04,-0.5262513639636137
46949.49511111111,730,31.5,18.015,-0.8247,-0.04,-0.5469726614916944
47515.151666666665,730,31.5,18.015,-0.8247,-0.04,-0.5695062063261092
48080.808222222215,730,31.5,18.015,-0.8247,-0.04,-0.5939285552505498
48646.46477777777,730,31.5,18.015,-0.8247,-0.04,-0.6203200185755233
49212.12133333333,730,31.5,18.015,-0.8247,-0.04,-0.6487648470797731
49777.777888888886,730,31.5,18.015,-0.8247,-0.04,-0.679351423063583
50343.43444444444,730,31.5,18.015,-0.8247,-0.04,-0.7121724556423662
50909.09099999999,730,31.5,18.015,-0.8247,-0.04,-0.7473251807216159
51474.74755555555,730,31.5,18.015,-0.8247,-0.04,-0.7849115664048703
52040.40411111111,730,31.5,18.015,-0.8247,-0.04,-0.8250385248798081
52606.06066666666,730,31.5,18.015,-0.8247,-0.04,-0.8678181321039076
53171.71722222221,730,31.5,18.015,-0.8247,-0.04,-0.9133678568602602
53737.37377777777,730,31.5,18.015,-0.8247,-0.04,-0.961810800980382
54303.03033333333,730,31.5,18.015,-0.8247,-0.04,-1.0132759527268291
54868.686888888886,730,31.5,18.015,-0.8247,-0.04,-1.0678984555024962
55434.34344444444,730,31.5,18.015,-0.8247,-0.04,-1.1258198942025666
56000.0,730,31.5,18.015,-0.8247,-0.04,-1.1871886016574218
0.001,780,31.5,18.015,-0.8247,-0.04,-1.402106603339435
565.6575555555555,780,31.5,18.015,-0.8247,-0.04,-1.429349184657717
1131.314111111111,780,31.5,18.015,-0.8247,-0.04,-1.449812166487367
1696.9706666666666,780,31.5,18.015,-0.8247,-0.04,-1.464150400730642
2262.6272222222224,780,31.5,18.015,-0.8247,-0.04,-1.4729789657243924
2828.2837777777777,780,31.5,18.015,-0.8247,-0.04,-1.4768745153798244
3393.940333333333,780,31.5,18.015,-0.8247,-0.04,-1.476376239914884
3959.596888888889,780,31.5,18.015,-0.8247,-0.04,-1.4719866281785488
4525.2534444444445,780,31.5,18.015,-0.8247,-0.04,-1.464172163906484
5090.91,780,31.5,18.015,-0.8247,-0.04,-1.4533640517928703
5656.566555555555,780,31.5,18.015,-0.8247,-0.04,-1.439959040078353
6222.223111111111,780,31.5,18.015,-0.8247,-0.04,-1.424320382585778
6787.879666666667,780,31.5,18.015,-0.8247,-0.04,-1.4067789636096293
7353.536222222222,780,31.5,18.015,-0.8247,-0.04,-1.3876345930394904
7919.192777777778,780,31.5,18.015,-0.8247,-0.04,-1.3671574660942851
8484.849333333334,780,31.5,18.015,-0.8247,-0.04,-1.3455897717473526
9050.505888888889,780,31.5,18.015,-0.8247,-0.04,-1.3231474261071785
9616.162444444444,780,31.5,18.015,-0.8247,-0.04,-1.3000219015021046
10181.819,780,31.5,18.015,-0.8247,-0.04,-1.276382118628401
10747.475555555557,780,31.5,18.015,-0.8247,-0.04,-1.252376367680117
11313.13211111111,780,31.5,18.015,-0.8247,-0.04,-1.2281342246821905
11878.788666666667,780,31.5,18.015,-0.8247,-0.04,-1.2037684310698975
12444.445222222224,780,31.5,18.015,-0.8247,-0.04,-1.1793767076405572
13010.101777777778,780,31.5,18.015,-0.8247,-0.04,-1.1550434780712762
13575.758333333331,780,31.5,18.015,-0.8247,-0.04,-1.130841481959882
14141.414888888889,780,31.5,18.015,-0.8247,-0.04,-1.106833262507681
14707.071444444444,780,31.5,18.015,-0.8247,-0.04,-1.0830725192400947
15272.728,780,31.5,18.015,-0.8247,-0.04,-1.0596053212771803
15838.384555555556,780,31.5,18.015,-0.8247,-0.04,-1.0364711813851244
16404.04111111111,780,31.5,18.015,-0.8247,-0.04,-1.0137039951489957
16969.697666666667,780,31.5,18.015,-0.8247,-0.04,-0.9913328529610164
17535.35422222222,780,31.5,18.015,-0.8247,-0.04,-0.9693827350455494
18101.010777777778,780,31.5,18.015,-0.8247,-0.04,-0.947875101500274
18666.66733333333,780,31.5,18.015,-0.8247,-0.04,-0.9268283905340714
19232.323888888888,780,31.5,18.015,-0.8247,-0.04,-0.906258439092196
19797.980444444445,780,31.5,18.015,-0.8247,-0.04,-0.8861788412926047
20363.637,780,31.5,18.015,-0.8247,-0.04,-0.8666012617805992
20929.29355555556,780,31.5,18.015,-0.8247,-0.04,-0.8475357229371425
21494.95011111111,780,31.5,18.015,-0.8247,-0.04,-0.828990885773165
22060.606666666667,780,31.5,18.015,-0.8247,-0.04,-0.8109743425632735
22626.26322222222,780,31.5,18.015,-0.8247,-0.04,-0.7934929331580365
23191.919777777777,780,31.5,18.015,-0.8247,-0.04,-0.7765530861175793
23757.57633333333,780,31.5,18.015,-0.8247,-0.04,-0.7601611723604917
24323.232888888888,780,31.5,18.015,-0.8247,-0.04,-0.7443238472454418
24888.889444444445,780,31.5,18.015,-0.8247,-0.04,-0.7290483517689275
25454.546,780,31.5,18.015,-0.8247,-0.04,-0.7143427476276456
26020.20255555556,780,31.5,18.015,-0.8247,-0.04,-0.7002160730861942
26585.85911111111,780,31.5,18.015,-0.8247,-0.04,-0.6866784223541504
27151.515666666663,780,31.5,18.015,-0.8247,-0.04,-0.6737409651118219
27717.172222222223,780,31.5,18.015,-0.8247,-0.04,-0.6614159312791684
28282.828777777777,780,31.5,18.015,-0.8247,-0.04,-0.6497165880632962
28848.48533333333,780,31.5,18.015,-0.8247,-0.04,-0.6386572325609158
29414.141888888887,780,31.5,18.015,-0.8247,-0.04,-0.6282532153347036
29979.798444444445,780,31.5,18.015,-0.8247,-0.04,-0.6185210004083164
30545.455,780,31.5,18.015,-0.8247,-0.04,-0.6094782573252719
31111.111555555555,780,31.5,18.015,-0.8247,-0.04,-0.6011439735472157
31676.768111111112,780,31.5,18.015,-0.8247,-0.04,-0.5935385720590587
32242.424666666662,780,31.5,18.015,-0.8247,-0.04,-0.5866840198743591
32808.081222222216,780,31.5,18.015,-0.8247,-0.04,-0.5806039172048304
33373.73777777777,780,31.5,18.015,-0.8247,-0.04,-0.5753235626272032
33939.39433333333,780,31.5,18.015,-0.8247,-0.04,-0.5708699948631885
34505.05088888889,780,31.5,18.015,-0.8247,-0.04,-0.5672720155356509
35070.70744444444,780,31.5,18.015,-0.8247,-0.04,-0.564560199031179
35636.363999999994,780,31.5,18.015,-0.8247,-0.04,-0.5627668956395792
36202.02055555555,780,31.5,18.015,-0.8247,-0.04,-0.561926233116013
36767.67711111111,780,31.5,18.015,-0.8247,-0.04,-0.5620741204291314
37333.333666666666,780,31.5,18.015,-0.8247,-0.04,-0.5632482562361211
37898.990222222215,780,31.5,18.015,-0.8247,-0.04,-0.5654881437997483
38464.64677777777,780,31.5,18.015,-0.8247,-0.04,-0.5688351136376575
39030.30333333333,780,31.5,18.015,-0.8247,-0.04,-0.5733323550329965
39595.95988888889,780,31.5,18.015,-0.8247,-0.04,-0.5790249574894186
40161.61644444444,780,31.5,18.015,-0.8247,-0.04,-0.5859599631525796
40727.273,780,31.5,18.015,-0.8247,-0.04,-0.5941864310865905
41292.92955555555,780,31.5,18.015,-0.8247,-0.04,-0.6037555140738217
41858.58611111111,780,31.5,18.015,-0.8247,-0.04,-0.6147205483205876
42424.242666666665,780,31.5,18.015,-0.8247,-0.04,-0.6271371561304893
42989.899222222215,780,31.5,18.015,-0.8247,-0.04,-0.6410633612902137
43555.55577777777,780,31.5,18.015,-0.8247,-0.04,-0.656559716620724
44121.21233333333,780,31.5,18.015,-0.8247,-0.04,-0.6736894429102998
44686.86888888889,780,31.5,18.015,-0.8247,-0.04,-0.6925185782690546
45252.52544444444,780,31.5,18.015,-0.8247,-0.04,-0.7131161368433035
45818.18199999999,780,31.5,18.015,-0.8247,-0.04,-0.7355542757967372
46383.83855555555,780,31.5,18.015,-0.8247,-0.04,-0.7599084695079121
46949.49511111111,780,31.5,18.015,-0.8247,-0.04,-0.7862576900379007
47515.151666666665,780,31.5,18.015,-0.8247,-0.04,-0.8146845930835029
48080.808222222215,780,31.5,18.015,-0.8247,-0.04,-0.8452757088399124
48646.46477777777,780,31.5,18.015,-0.8247,-0.04,-0.8781216374365961
49212.12133333333,780,31.5,18.015,-0.8247,-0.04,-0.913317248878178
49777.777888888886,780,31.5,18.015,-0.8247,-0.04,-0.9509618876997076
50343.43444444444,780,31.5,18.015,-0.8247,-0.04,-0.9911595828292624
50909.09099999999,780,31.5,18.015,-0.8247,-0.04,-1.0340192634286278
51474.74755555555,780,31.5,18.015,-0.8247,-0.04,-1.0796549817504844
52040.40411111111,780,31.5,18.015,-0.8247,-0.04,-1.1281861442999284
52606.06066666666,780,31.5,18.015,-0.8247,-0.04,-1.1797377528205244
53171.71722222221,780,31.5,18.015,-0.8247,-0.04,-1.2344406568324562
53737.37377777777,780,31.5,18.015,-0.8247,-0.04,-1.2924318196386566
54303.03033333333,780,31.5,18.015,-0.8247,-0.04,-1.3538545998804783
54868.686888888886,780,31.5,18.015,-0.8247,-0.04,-1.4188590508718226
55434.34344444444,780,31.5,18.015,-0.8247,-0.04,-1.4876022400730684
56000.0,780,31.5,18.015,-0.8247,-0.04,-1.5602485911871131
0.001,830,31.5,18.015,-0.8247,-0.04,-1.6491834354304815
565.6575555555555,830,31.5,18.015,-0.8247,-0.04,-1.66132446774829
1131.314111111111,830,31.5,18.015,-0.8247,-0.04,-1.668474361600376
1696.9706666666666,830,31.5,18.015,-0.8247,-0.04,-1.6711148395757784
2262.6272222222224,830,31.5,18.015,-0.8247,-0.04,-1.669702215807265
2828.2837777777777,830,31.5,18.015,-0.8247,-0.04,-1.6646672668652651
3393.940333333333,830,31.5,18.015,-0.8247,-0.04,-1.6564151261397453
3959.596888888889,830,31.5,18.015,-0.8247,-0.04,-1.6453252331020478
4525.2534444444445,830,31.5,18.015,-0.8247,-0.04,-1.631751379010237
5090.91,830,31.5,18.015,-0.8247,-0.04,-1.6160218794844816
5656.566555555555,830,31.5,18.015,-0.8247,-0.04,-1.5984398942534348
6222.223111111111,830,31.5,18.015,-0.8247,-0.04,-1.5792839051946346
6787.879666666667,830,31.5,18.015,-0.8247,-0.04,-1.558808355567603
7353.536222222222,830,31.5,18.015,-0.8247,-0.04,-1.537244446100004
7919.192777777778,830,31.5,18.015,-0.8247,-0.04,-1.514801077387235
8484.849333333334,830,31.5,18.015,-0.8247,-0.04,-1.4916659229504057
9050.505888888889,830,31.5,18.015,-0.8247,-0.04,-1.4680066133049705
9616.162444444444,830,31.5,18.015,-0.8247,-0.04,-1.4439720085300711
10181.819,830,31.5,18.015,-0.8247,-0.04,-1.4196935350905215
10747.475555555557,830,31.5,18.015,-0.8247,-0.04,-1.395286561996279
11313.13211111111,830,31.5,18.015,-0.8247,-0.04,-1.3708517917174958
11878.788666666667,830,31.5,18.015,-0.8247,-0.04,-1.346476642493892
12444.445222222224,830,31.5,18.015,-0.8247,-0.04,-1.322236600652864
13010.101777777778,830,31.5,18.015,-0.8247,-0.04,-1.298196524122044
13575.758333333331,830,31.5,18.015,-0.8247,-0.04,-1.2744118813208007
14141.414888888889,830,31.5,18.015,-0.8247,-0.04,-1.250929912866364
14707.071444444444,830,31.5,18.015,-0.8247,-0.04,-1.2277907068757357
15272.728,830,31.5,18.015,-0.8247,-0.04,-1.2050281819370627
15838.384555555556,830,31.5,18.015,-0.8247,-0.04,-1.182670974961592
16404.04111111111,830,31.5,18.015,-0.8247,-0.04,-1.160743234030193
16969.697666666667,830,31.5,18.015,-0.8247,-0.04,-1.1392653189890187
17535.35422222222,830,31.5,18.015,-0.8247,-0.04,-1.118254414918908
18101.010777777778,830,31.5,18.015,-0.8247,-0.04,-1.097725065711327
18666.66733333333,830,31.5,18.015,-0.8247,-0.04,-1.0776896368375724
19232.323888888888,830,31.5,18.015,-0.8247,-0.04,-1.0581587179600227
19797.980444444445,830,31.5,18.015,-0.8247,-0.04,-1.039141477215643
20363.637,830,31.5,18.015,-0.8247,-0.04,-1.0206459796230123
20929.29355555556,830,31.5,18.015,-0.8247,-0.04,-1.002679481853512
21494.95011111111,830,31.5,18.015,-0.8247,-0.04,-0.9852487142467892
22060.606666666667,830,31.5,18.015,-0.8247,-0.04,-0.9683601581713628
22626.26322222222,830,31.5,18.015,-0.8247,-0.04,-0.9520203225997876
23191.919777777777,830,31.5,18.015,-0.8247,-0.04,-0.936236018492618
23757.57633333333,830,31.5,18.015,-0.8247,-0.04,-0.9210146242157295
24323.232888888888,830,31.5,18.015,-0.8247,-0.04,-0.9063643311183116
24888.889444444445,830,31.5,18.015,-0.8247,-0.04,-0.892294356917305
25454.546,830,31.5,18.015,-0.8247,-0.04,-0.8788151164295362
26020.20255555556,830,31.5,18.015,-0.8247,-0.04,-0.8659383441952504
26585.85911111111,830,31.5,18.015,-0.8247,-0.04,-0.85367717037275
27151.515666666663,830,31.5,18.015,-0.8247,-0.04,-0.8420461581071765
27717.172222222223,830,31.5,18.015,-0.8247,-0.04,-0.8310613156046739
28282.828777777777,830,31.5,18.015,-0.8247,-0.04,-0.8207400981625451
28848.48533333333,830,31.5,18.015,-0.8247,-0.04,-0.8111014140381289
29414.141888888887,830,31.5,18.015,-0.8247,-0.04,-0.8021656437727708
29979.798444444445,830,31.5,18.015,-0.8247,-0.04,-0.7939546766588562
30545.455,830,31.5,18.015,-0.8247,-0.04,-0.7864919620770389
31111.111555555555,830,31.5,18.015,-0.8247,-0.04,-0.7798025689885696
31676.768111111112,830,31.5,18.015,-0.8247,-0.04,-0.7739132449175861
32242.424666666662,830,31.5,18.015,-0.8247,-0.04,-0.7688524664331696
32808.081222222216,830,31.5,18.015,-0.8247,-0.04,-0.7646504758005526
33373.73777777777,830,31.5,18.015,-0.8247,-0.04,-0.7613393020170236
33939.39433333333,830,31.5,18.015,-0.8247,-0.04,-0.7589527677743171
34505.05088888889,830,31.5,18.015,-0.8247,-0.04,-0.7575264862262984
35070.70744444444,830,31.5,18.015,-0.8247,-0.04,-0.7570978525096664
35636.363999999994,830,31.5,18.015,-0.8247,-0.04,-0.7577060349269962
36202.02055555555,830,31.5,18.015,-0.8247,-0.04,-0.7593919699612138
36767.67711111111,830,31.5,18.015,-0.8247,-0.04,-0.7621983642933913
37333.333666666666,830,31.5,18.015,-0.8247,-0.04,-0.7661697060666426
37898.990222222215,830,31.5,18.015,-0.8247,-0.04,-0.7713522869340294
38464.64677777777,830,31.5,18.015,-0.8247,-0.04,-0.7777942359644106
39030.30333333333,830,31.5,18.015,-0.8247,-0.04,-0.7855455661820389
39595.95988888889,830,31.5,18.015,-0.8247,-0.04,-0.7946582343029759
40161.61644444444,830,31.5,18.015,-0.8247,-0.04,-0.8051862140323531
40727.273,830,31.5,18.015,-0.8247,-0.04,-0.8171855830710002
41292.92955555555,830,31.5,18.015,-0.8247,-0.04,-0.8307146237416256
41858.58611111111,830,31.5,18.015,-0.8247,-0.04,-0.8458339368994938
42424.242666666665,830,31.5,18.015,-0.8247,-0.04,-0.8626065685577204
42989.899222222215,830,31.5,18.015,-0.8247,-0.04,-0.881098148453576
43555.55577777777,830,31.5,18.015,-0.8247,-0.04,-0.901377039623542
44121.21233333333,830,31.5,18.015,-0.8247,-0.04,-0.9235144979512896
44686.86888888889,830,31.5,18.015,-0.8247,-0.04,-0.947584840609334
45252.52544444444,830,31.5,18.015,-0.8247,-0.04,-0.97366562233078
45818.18199999999,830,31.5,18.015,-0.8247,-0.04,-1.0018378185218622
46383.83855555555,830,31.5,18.015,-0.8247,-0.04,-1.0321860143522374
46949.49511111111,830,31.5,18.015,-0.8247,-0.04,-1.064798599130703
47515.151666666665,830,31.5,18.015,-0.8247,-0.04,-1.099767965481354
48080.808222222215,830,31.5,18.015,-0.8247,-0.04,-1.1371907130718988
48646.46477777777,830,31.5,18.015,-0.8247,-0.04,-1.1771678568981558
49212.12133333333,830,31.5,18.015,-0.8247,-0.04,-1.2198050403936422
49777.777888888886,830,31.5,18.015,-0.8247,-0.04,-1.2652127538992632
50343.43444444444,830,31.5,18.015,-0.8247,-0.04,-1.313506559287871
50909.09099999999,830,31.5,18.015,-0.8247,-0.04,-1.3648073217909706
51474.74755555555,830,31.5,18.015,-0.8247,-0.04,-1.4192414503083683
52040.40411111111,830,31.5,18.015,-0.8247,-0.04,-1.4769411477008818
52606.06066666666,830,31.5,18.015,-0.8247,-0.04,-1.5380446727643258
53171.71722222221,830,31.5,18.015,-0.8247,-0.04,-1.602696615761467
53737.37377777777,830,31.5,18.015,-0.8247,-0.04,-1.6710481895492215
54303.03033333333,830,31.5,18.015,-0.8247,-0.04,-1.7432575384820683
54868.686888888886,830,31.5,18.015,-0.8247,-0.04,-1.819490067402231
55434.34344444444,830,31.5,18.015,-0.8247,-0.04,-1.899918793147056
56000.0,830,31.5,18.015,-0.8247,-0.04,-1.984724721118912
0.001,880,31.5,18.015,-0.8247,-0.04,-1.86743383944218
565.6575555555555,880,31.5,18.015,-0.8247,-0.04,-1.8714503487001788
1131.314111111111,880,31.5,18.015,-0.8247,-0.04,-1.8714368182868573
1696.9706666666666,880,31.5,18.015,-0.8247,-0.04,-1.867790359865984
2262.6272222222224,880,31.5,18.015,-0.8247,-0.04,-1.860887640356205
2828.2837777777777,880,31.5,18.015,-0.8247,-0.04,-1.851084690447372
3393.940333333333,880,31.5,18.015,-0.8247,-0.04,-1.8387167532775823
3959.596888888889,880,31.5,18.015,-0.8247,-0.04,-1.824098205490488
4525.2534444444445,880,31.5,18.015,-0.8247,-0.04,-1.8075225714070984
5090.91,880,31.5,18.015,-0.8247,-0.04,-1.7892626456712502
5656.566555555555,880,31.5,18.015,-0.8247,-0.04,-1.7695707344545295
6222.223111111111,880,31.5,18.015,-0.8247,-0.04,-1.748679020238463
6787.879666666667,880,31.5,18.015,-0.8247,-0.04,-1.7268000504371066
7353.536222222222,880,31.5,18.015,-0.8247,-0.04,-1.7041273457840225
7919.192777777778,880,31.5,18.015,-0.8247,-0.04,-1.680836120578527
8484.849333333334,880,31.5,18.015,-0.8247,-0.04,-1.6570841036415218
9050.505888888889,880,31.5,18.015,-0.8247,-0.04,-1.6330124462314832
9616.162444444444,880,31.5,18.015,-0.8247,-0.04,-1.608746701253576
10181.819,880,31.5,18.015,-0.8247,-0.04,-1.584397856867991
10747.475555555557,880,31.5,18.015,-0.8247,-0.04,-1.56006340705938
11313.13211111111,880,31.5,18.015,-0.8247,-0.04,-1.5358284418258867
11878.788666666667,880,31.5,18.015,-0.8247,-0.04,-1.5117667403266606
12444.445222222224,880,31.5,18.015,-0.8247,-0.04,-1.487941851506012
13010.101777777778,880,31.5,18.015,-0.8247,-0.04,-1.464408148298203
13575.758333333331,880,31.5,18.015,-0.8247,-0.04,-1.441211843397874
14141.414888888889,880,31.5,18.015,-0.8247,-0.04,-1.418391956652569
14707.071444444444,880,31.5,18.015,-0.8247,-0.04,-1.39598122629238
15272.728,880,31.5,18.015,-0.8247,-0.04,-1.3740069583670638
15838.384555555556,880,31.5,18.015,-0.8247,-0.04,-1.3524918108522268
16404.04111111111,880,31.5,18.015,-0.8247,-0.04,-1.331454510866762
16969.697666666667,880,31.5,18.015,-0.8247,-0.04,-1.3109105053018757
17535.35422222222,880,31.5,18.015,-0.8247,-0.04,-1.2908725468927598
18101.010777777778,880,31.5,18.015,-0.8247,-0.04,-1.27135121936836
18666.66733333333,880,31.5,18.015,-0.8247,-0.04,-1.252355406775267
19232.323888888888,880,31.5,18.015,-0.8247,-0.04,-1.2338927133270872
19797.980444444445,880,31.5,18.015,-0.8247,-0.04,-1.215969841077225
20363.637,880,31.5,18.015,-0.8247,-0.04,-1.1985929331894127
20929.29355555556,880,31.5,18.015,-0.8247,-0.04,-1.181767890402535
21494.95011111111,880,31.5,18.015,-0.8247,-0.04,-1.1655006672966088
22060.606666666667,880,31.5,18.015,-0.8247,-0.04,-1.1497975530985838
22626.26322222222,880,31.5,18.015,-0.8247,-0.04,-1.1346654391282835
23191.919777777777,880,31.5,18.015,-0.8247,-0.04,-1.120112071917181
23757.57633333333,880,31.5,18.015,-0.8247,-0.04,-1.1061462880934538
24323.232888888888,880,31.5,18.015,-0.8247,-0.04,-1.0927782250091336
24888.889444444445,880,31.5,18.015,-0.8247,-0.04,-1.0800195004230548
25454.546,880,31.5,18.015,-0.8247,-0.04,-1.0678833557035037
26020.20255555556,880,31.5,18.015,-0.8247,-0.04,-1.0563847598734977
26585.85911111111,880,31.5,18.015,-0.8247,-0.04,-1.045540475792606
27151.515666666663,880,31.5,18.015,-0.8247,-0.04,-1.0353690938862583
27717.172222222223,880,31.5,18.015,-0.8247,-0.04,-1.02589104203967
28282.828777777777,880,31.5,18.015,-0.8247,-0.04,-1.0171285817263924
28848.48533333333,880,31.5,18.015,-0.8247,-0.04,-1.0091057997878297
29414.141888888887,880,31.5,18.015,-0.8247,-0.04,-1.001848602757183
29979.798444444445,880,31.5,18.015,-0.8247,-0.04,-0.9953847170050912
30545.455,880,31.5,18.015,-0.8247,-0.04,-0.989743694323723
31111.111555555555,880,31.5,18.015,-0.8247,-0.04,-0.9849569198539516
31676.768111111112,880,31.5,18.015,-0.8247,-0.04,-0.9810576181032112
32242.424666666662,880,31.5,18.015,-0.8247,-0.04,-0.9780808532786232
32808.081222222216,880,31.5,18.015,-0.8247,-0.04,-0.9760635218540312
33373.73777777777,880,31.5,18.015,-0.8247,-0.04,-0.9750443375075316
33939.39433333333,880,31.5,18.015,-0.8247,-0.04,-0.9750638106077868
34505.05088888889,880,31.5,18.015,-0.8247,-0.04,-0.9761642258096164
35070.70744444444,880,31.5,18.015,-0.8247,-0.04,-0.9783896218712056
35636.363999999994,880,31.5,18.015,-0.8247,-0.04,-0.9817857776295168
36202.02055555555,880,31.5,18.015,-0.8247,-0.04,-0.9864002074326836
36767.67711111111,880,31.5,18.015,-0.8247,-0.04,-0.9922821685130911
37333.333666666666,880,31.5,18.015,-0.8247,-0.04,-0.9994826820056364
37898.990222222215,880,31.5,18.015,-0.8247,-0.04,-1.008054568680825
38464.64677777777,880,31.5,18.015,-0.8247,-0.04,-1.018052499987777
39030.30333333333,880,31.5,18.015,-0.8247,-0.04,-1.0295330646486274
39595.95988888889,880,31.5,18.015,-0.8247,-0.04,-1.0425548507688296
40161.61644444444,880,31.5,18.015,-0.8247,-0.04,-1.0571785431849892
40727.273,880,31.5,18.015,-0.8247,-0.04,-1.0734670355476117
41292.92955555555,880,31.5,18.015,-0.8247,-0.04,-1.0914855564278936
41858.58611111111,880,31.5,18.015,-0.8247,-0.04,-1.111301808553774
42424.242666666665,880,31.5,18.015,-0.8247,-0.04,-1.132986120132086
42989.899222222215,880,31.5,18.015,-0.8247,-0.04,-1.1566116071112116
43555.55577777777,880,31.5,18.015,-0.8247,-0.04,-1.182254345186016
44121.21233333333,880,31.5,18.015,-0.8247,-0.04,-1.2099935503519037
44686.86888888889,880,31.5,18.015,-0.8247,-0.04,-1.2399117668698765
45252.52544444444,880,31.5,18.015,-0.8247,-0.04,-1.272095061613523
45818.18199999999,880,31.5,18.015,-0.8247,-0.04,-1.3066332239202685
46383.83855555555,880,31.5,18.015,-0.8247,-0.04,-1.3436199702614813
46949.49511111111,880,31.5,18.015,-0.8247,-0.04,-1.383153153265854
47515.151666666665,880,31.5,18.015,-0.8247,-0.04,-1.4253349748763653
48080.808222222215,880,31.5,18.015,-0.8247,-0.04,-1.4702722036783102
48646.46477777777,880,31.5,18.015,-0.8247,-0.04,-1.5180763967010438
49212.12133333333,880,31.5,18.015,-0.8247,-0.04,-1.5688641262609917
49777.777888888886,880,31.5,18.015,-0.8247,-0.04,-1.6227572126710113
50343.43444444444,880,31.5,18.015,-0.8247,-0.04,-1.679882963887605
50909.09099999999,880,31.5,18.015,-0.8247,-0.04,-1.7403744233984235
51474.74755555555,880,31.5,18.015,-0.8247,-0.04,-1.8043706278649496
52040.40411111111,880,31.5,18.015,-0.8247,-0.04,-1.8720168762297416
52606.06066666666,880,31.5,18.015,-0.8247,-0.04,-1.94346501217079
53171.71722222221,880,31.5,18.015,-0.8247,-0.04,-2.0188737219416657
53737.37377777777,880,31.5,18.015,-0.8247,-0.04,-2.0984088497757343
54303.03033333333,880,31.5,18.015,-0.8247,-0.04,-2.182243733158159
54868.686888888886,880,31.5,18.015,-0.8247,-0.04,-2.270559560385068
55434.34344444444,880,31.5,18.015,-0.8247,-0.04,-2.3635457529390447
56000.0,880,31.5,18.015,-0.8247,-0.04,-2.461400375319159
