,temperature,density,real_ufrac,delta_phi,stable,pres
0,275,55878.78787878788,1.0282968333697298,0.03392218991917806,1,-1140.4049366309216
1,275,56439.39393939394,1.0326629720107396,0.03779617969942106,1,-940.6445803160766
2,275,57000.0,1.0364870325168811,0.04116799378322045,1,-730.2547947510116
3,345,54757.57575757576,1.1041542175169483,0.11089626782483908,1,-1342.8221566208088
4,345,55318.18181818182,1.1039528915366754,0.11011342067301688,1,-1111.372196116838
5,345,55878.78787878788,1.1032495227312766,0.10887487928072492,1,-866.2207793149568
6,345,56439.39393939394,1.102014685020488,0.10714789270916936,1,-606.9269123475153
7,345,57000.0,1.1002182414443442,0.10489920271068354,1,-333.0311681664533
8,415,51393.93939393939,1.1319201756135995,0.14333882533842246,1,-1743.8986485467728
9,415,51954.545454545456,1.1305352132199433,0.14101187499350054,1,-1570.2154333404198
10,415,52515.15151515152,1.1286470278579097,0.13825278560683651,1,-1382.7768091133876
11,415,53075.757575757576,1.126234818323632,0.13503601900136575,1,-1181.2514669102625
12,415,53636.36363636364,1.123275696540708,0.13133420746337676,1,-965.2977214494522
13,415,54196.969696969696,1.1197447707247266,0.12711822842521903,1,-734.5665480592288
14,415,54757.57575757576,1.1156151982068552,0.12235724851474594,1,-488.7037586440188
15,415,55318.18181818182,1.1108582162495744,0.11701874538591583,1,-227.35122052200157
16,415,55878.78787878788,1.1054431578829786,0.11106851443242693,1,49.85288896232193
17,415,56439.39393939394,1.0993374582674034,0.10447066595608479,1,343.2747239705085
18,415,57000.0,1.0925066555111869,0.09718761677752619,1,653.2861851407428
19,485,47469.69696969697,1.0998901392394078,0.12034848457832192,1,-1836.430427293887
20,485,48030.30303030303,1.0999376079169374,0.11880056980843878,1,-1726.933231888851
21,485,48590.909090909096,1.0993937887429566,0.11677342104907074,1,-1605.841821186789
22,485,49151.51515151515,1.0982514415791114,0.11425306788983536,1,-1472.7678537259292
23,485,49712.121212121216,1.096500754201573,0.11122326774245506,1,-1327.318098157943
24,485,50272.72727272727,1.0941294321608446,0.10766559225998351,1,-1169.0963104581558
25,485,50833.333333333336,1.0911227626197966,0.10355948663153924,1,-997.7049739921142
26,485,51393.93939393939,1.0874636571145373,0.09888230683936028,1,-812.7467943359877
27,485,51954.545454545456,1.0831326781102684,0.09360933988382558,1,-613.8258400366047
28,485,52515.15151515152,1.0781080539838173,0.08771381173274406,1,-400.54824401769207
29,485,53075.757575757576,1.07236568658771,0.08116688726544385,1,-172.52241467315946
30,485,53636.36363636364,1.0658791548666173,0.07393766578928607,1,70.64125792747663
31,485,54196.969696969696,1.058619717181686,0.06599317488217848,1,329.3311820540981
32,485,54757.57575757576,1.0505563141266652,0.05729836443455594,1,603.9357844638441
33,485,55318.18181818182,1.0416555727661296,0.0478161019024711,1,894.8451040265784
34,485,55878.78787878788,1.0318818124400324,0.0375071689894807,1,1202.4526784761545
35,485,56439.39393939394,1.0211970515981281,0.026330259286809543,1,1527.1576365773708
36,485,57000.0,1.0095610145712697,0.014241975837609,1,1869.3669061519613
37,555,1500.0,0.6171909122497974,0.5808191402017829,1,-13.475852666967757
38,555,41863.63636363637,0.9741722794558284,0.018442069723066057,1,-1821.9877582009753
39,555,42424.242424242424,0.979991608153979,0.021109878283723682,1,-1780.2477848647495
40,555,42984.84848484849,0.9850687358522009,0.023230983691345797,1,-1730.9187813910964
41,555,43545.454545454544,0.9894118937087705,0.024804057376560884,1,-1673.624035556573
42,555,44106.06060606061,0.9930268728515645,0.025825568126599974,1,-1607.9775929748514
43,555,44666.66666666667,0.9959171246948468,0.02628989923754954,1,-1533.5849304097667
44,555,45227.27272727273,0.9980838411307091,0.0261894427103605,1,-1450.0435605795496
45,555,45787.87878787879,0.9995260172514703,0.025514673323135062,1,-1356.943724876946
46,555,46348.48484848485,1.0002404974605512,0.024254203618192638,1,-1253.869255570875
47,555,46909.09090909091,1.0002220053010626,0.02239482031629103,1,-1140.3986243909806
48,555,47469.69696969697,0.9994631575674318,0.019921502906345867,1,-1016.1061448112708
49,555,48030.30303030303,0.9979544638669894,0.016817425758490767,1,-880.5632623578313
50,555,48590.909090909096,0.9956843134712264,0.013063945777340602,1,-733.339849949733
51,555,49151.51515151515,0.9926389518567481,0.008640578167472102,1,-574.0054212268523
52,555,49712.121212121216,0.9888024496863035,0.0035249632271855402,1,-402.1301809357059
53,555,50272.72727272727,0.9841566670861169,-0.0023071728147441295,1,-217.285844559065
54,555,50833.333333333336,0.9786812159531445,-0.008882060035112826,1,-19.04617661354859
55,555,51393.93939393939,0.9723534227116248,-0.01622792756355218,1,193.0127839793538
56,555,51954.545454545456,0.9651482934844133,-0.02437504474202945,1,419.31282414819816
57,555,52515.15151515152,0.957038483104367,-0.03335575914670619,1,660.2739777483565
58,555,53075.757575757576,0.9479942688136366,-0.0432045305086296,1,916.3152473999014
59,555,53636.36363636364,0.9379835289254073,-0.053957960151924,1,1187.8555945123414
60,555,54196.969696969696,0.9269717261857058,-0.06565481611380175,1,1475.3151553686246
61,555,54757.57575757576,0.9149218950954464,-0.07833605459666282,1,1779.1166345615316
62,555,55318.18181818182,0.9017946320508563,-0.09204483881280223,1,2099.686823337488
63,555,55878.78787878788,0.8875480868389601,-0.10682655661159157,1,2437.458189266977
64,555,56439.39393939394,0.8721379537882863,-0.12272883852303229,1,2792.870484818778
65,555,57000.0,0.8555174607183922,-0.1398015780152685,1,3166.3723255139294
66,625,1500.0,-0.532119288203041,-0.5684910602510554,1,-10.440591484743818
67,625,2060.6060606060605,-0.6863740858747036,-0.7369189035081116,1,-19.566520678712475
68,625,2621.212121212121,-0.8116470492098342,-0.8766700131309392,1,-31.337240768184074
69,625,3181.818181818182,-0.9117227570401278,-0.9915212755349904,1,-45.57064178904338
70,625,3742.4242424242425,-0.9898606466287618,-1.084723610535051,1,-62.06410471216205
71,625,4303.030303030303,-1.0489025237327194,-1.1591094582094872,1,-80.60603278940425
72,625,4863.636363636364,-1.0913469306291756,-1.2171671276041598,1,-100.98540621228378
73,625,5424.242424242424,-1.1194024055204,-1.2610940411802332,1,-122.99934411069746
74,625,5984.848484848485,-1.1350270931146302,-1.2928363352887162,1,-146.45876232703267
75,625,6545.454545454546,-1.139959494455952,-1.3141196052177362,1,-171.19232459416193
76,625,31772.727272727272,0.5747874410853571,-0.2792406919320233,1,-1476.7611793001897
77,625,32333.333333333336,0.5965951305650067,-0.2658211153211397,1,-1494.2475572126255
78,625,32893.93939393939,0.6173650123102946,-0.2530702590246128,1,-1509.3799560841935
79,625,33454.545454545456,0.637119917097315,-0.24097245034633952,1,-1521.958108041474
80,625,34015.15151515152,0.655880799802044,-0.22951451875583373,1,-1531.768222168979
81,625,34575.757575757576,0.6736669655463052,-0.21868549944892324,1,-1538.582712311072
82,625,35136.36363636364,0.6904962557821284,-0.20847637786979023,1,-1542.1599322890575
83,625,35696.969696969696,0.7063851927576195,-0.19887987729550083,1,-1542.244380686931
84,625,36257.57575757576,0.721349075447044,-0.1898902968832631,1,-1538.5674359777797
85,625,36818.181818181816,0.7354020252686222,-0.18150340227724793,1,-1530.8484528273689
86,625,37378.78787878788,0.748556987395258,-0.1737163633274792,1,-1518.7959728100934
87,625,37939.39393939394,0.7608256988714391,-0.16652772800373727,1,-1502.108827588694
88,625,38500.0,0.7722186367910352,-0.15993741948642348,1,-1480.4769869980476
89,625,39060.606060606064,0.782744958904275,-0.15394674424608967,1,-1453.5820884708685
90,625,39621.21212121212,0.7924124463082989,-0.14855840158397804,1,-1421.0976551806643
91,625,40181.818181818184,0.8012274544348131,-0.14377648849749136,1,-1382.6890597453546
92,625,40742.42424242424,0.809194875189954,-0.13960649704790962,1,-1338.013318458566
93,625,41303.030303030304,0.8163181102974956,-0.136055304171124,1,-1286.7188114566634
94,625,41863.63636363637,0.822599053856951,-0.13313115587581137,1,-1228.4450212546574
95,625,42424.242424242424,0.8280380808791475,-0.13084364899110779,1,-1162.8223694847434
96,625,42984.84848484849,0.8326340380347061,-0.12920371412614895,1,-1089.4722126920055
97,625,43545.454545454544,0.8363842329131557,-0.12822360341905392,1,-1008.0070355555055
98,625,44106.06060606061,0.839284418595958,-0.12791688612900654,1,-918.0308565015291
99,625,44666.66666666667,0.8413287711345997,-0.1282984543226976,1,-819.1398385944293
100,625,45227.27272727273,0.8425098584552997,-0.12938453996504895,1,-710.9230795774645
101,625,45787.87878787879,0.8428186001573448,-0.13119274377099044,1,-592.9635401632402
102,625,46348.48484848485,0.8422442185394675,-0.13374207530289106,1,-464.83905971241774
103,625,46909.09090909091,0.8407741819083507,-0.13705300307642088,1,-326.1234033352752
104,625,47469.69696969697,0.8383941417587499,-0.14114751290233596,1,-176.38728383269338
105,625,48030.30303030303,0.8350878657512637,-0.1460491723572349,1,-15.199305105123292
106,625,48590.909090909096,0.8308371685572881,-0.15178319913659777,1,157.87322010018983
107,625,49151.51515151515,0.8256218426106087,-0.15837653107866734,1,343.2636168216522
108,625,49712.121212121216,0.8194195906318255,-0.1658578958272925,1,541.4053878484011
109,625,50272.72727272727,0.8122059615055597,-0.17425787839530138,1,752.731965599029
110,625,50833.333333333336,0.8039542907285511,-0.18360898525970626,1,977.6766841476265
111,625,51393.93939393939,0.7946356462379326,-0.19394570403724443,1,1216.6729698249578
112,625,51954.545454545456,0.7842187800048377,-0.2053045582216051,1,1470.1547399547278
113,625,52515.15151515152,0.772670085359708,-0.21772415689136515,1,1738.5569916456527
114,625,53075.757575757576,0.7599535596261431,-0.2312452396961231,1,2022.316556331976
115,625,53636.36363636364,0.7460307712880828,-0.24591071778924845,1,2321.8729910444467
116,625,54196.969696969696,0.7308608306166402,-0.26176571168286733,1,2637.669574216558
117,625,54757.57575757576,0.7144003624379334,-0.27885758725417586,1,2970.154372148506
118,625,55318.18181818182,0.6966034795386412,-0.2972359913250173,1,3319.7813419656354
119,625,55878.78787878788,0.6774217550762289,-0.3169528883743228,1,3687.011437878239
120,625,56439.39393939394,0.6568041922859186,-0.3380626000254,1,4072.3136896039464
121,625,57000.0,0.6346971897490845,-0.36062184898457617,1,4476.166224757661
122,695,1500.0,-1.3111486637918617,-1.3475204358398762,1,-8.48341673229899
123,695,2060.6060606060605,-1.3561356806303677,-1.4066804982637757,1,-15.867038234547755
124,695,2621.212121212121,-1.3884888049164785,-1.4535117688375836,1,-25.392604302158592
125,695,3181.818181818182,-1.4095781005003456,-1.4893766189952082,1,-36.93519578479312
126,695,3742.4242424242425,-1.420653094065158,-1.5155160579714473,1,-50.35866901853417
127,695,4303.030303030303,-1.4228545468979248,-1.5330614813746926,1,-65.52111144397857
128,695,4863.636363636364,-1.4172235213724513,-1.5430437183474355,1,-82.27936236612625
129,695,5424.242424242424,-1.4047087034173953,-1.5464003390772285,1,-100.49260164342982
130,695,5984.848484848485,-1.3861726337813907,-1.5439818759554766,1,-120.02504666436896
131,695,6545.454545454546,-1.3623972879143311,-1.5365573986761154,1,-140.74783032201861
132,695,7106.060606060606,-1.3340892938590199,-1.5248197331201707,1,-162.5401583487293
133,695,7666.666666666667,-1.3018849694832384,-1.5093905057774868,1,-185.28986228863687
134,695,8227.272727272728,-1.26635528188111,-1.4908251169153781,1,-208.89347395201153
135,695,8787.878787878788,-1.2280107744169246,-1.469617688297805,1,-233.25594813280478
136,695,9348.484848484848,-1.1873064648740312,-1.4462059891875512,1,-258.2901526148421
137,695,9909.09090909091,-1.1446466874418237,-1.4209763135638258,1,-283.9162282287536
138,695,10469.69696969697,-1.100389829378721,-1.3942682595126785,1,-310.0608980049616
139,695,11030.30303030303,-1.0548528998982496,-1.3663793483682571,1,-336.65677687693284
140,695,11590.909090909092,-1.0083158668147036,-1.3375694190761669,1,-363.6417102489233
141,695,12151.515151515152,-0.9610257105596596,-1.3080647472226494,1,-390.9581641915312
142,695,12712.121212121212,-0.9132001782400894,-1.2780618711259013,1,-418.5527133134153
143,695,13272.727272727274,-0.8650312663025737,-1.2477311531701574,1,-446.3757182875628
144,695,13833.333333333334,-0.816688497997117,-1.2172201420822928,1,-474.381313483372
145,695,14393.939393939394,-0.7683220584525958,-1.1866567983612972,1,-502.5277655599927
146,695,14954.545454545456,-0.7200657798406078,-1.1561525746321775,1,-530.7780600390607
147,695,15515.151515151516,-0.6720398413876654,-1.1258052148824556,1,-559.1002634650469
148,695,16075.757575757576,-0.6243529280067419,-1.0957010154633404,1,-587.4669839057283
149,695,16636.363636363636,-0.5771035781707252,-1.0659162775139222,1,-615.8533925727293
150,695,17196.969696969696,-0.5303806207074877,-1.036517849462652,1,-644.2339251393595
151,695,17757.57575757576,-0.4842629202972266,-1.0075629783160664,1,-672.5787157999297
152,695,18318.18181818182,-0.4388189483038287,-0.9790989852681525,1,-700.8512293369822
153,695,18878.78787878788,-0.39410677942765604,-0.9511633650104587,1,-729.0089141518994
154,695,19439.39393939394,-0.3501751239185751,-0.9237849173850172,1,-757.0070309691467
155,695,20000.0,-0.30706504816175917,-0.896985563126,1,-784.801427430902
156,695,20560.60606060606,-0.2648117332206983,-0.870782192257412,1,-812.3494313365629
157,695,21121.21212121212,-0.22344576556799023,-0.8451880384281674,1,-839.6079644445701
158,695,21681.818181818184,-0.182993726831296,-0.8202133451476848,1,-866.5298286484622
159,695,22242.424242424244,-0.143478225203858,-0.7958654658073745,1,-893.0601514275621
160,695,22803.030303030304,-0.10491774000155352,-0.7721487683191678,1,-919.1347418838119
161,695,23363.636363636364,-0.0673266436979485,-0.7490647081753533,1,-944.680927325374
162,695,23924.242424242424,-0.030715583115875633,-0.7266122512122367,1,-969.6201225046507
163,695,24484.848484848484,0.004907821766640508,-0.7047886042752314,1,-993.8706550583349
164,695,25045.454545454548,0.03953815016135709,-0.6835900648972459,1,-1017.3494802945576
165,695,25606.060606060608,0.07317143921688651,-0.6630127747521624,1,-1039.972116869626
166,695,26166.666666666668,0.10580467593650056,-0.6430532302593114,1,-1061.650940142493
167,695,26727.272727272728,0.13743556502593435,-0.6237085078487711,1,-1082.2924960060752
168,695,27287.878787878788,0.16806252818256884,-0.6049762487604279,1,-1101.7946327814166
169,695,27848.484848484848,0.1976848436913785,-0.5868544949995865,1,-1120.0441069878127
170,695,28409.09090909091,0.22630282712896554,-0.5693414762268586,1,-1136.9150699600634
171,695,28969.69696969697,0.2539179711814846,-0.5524354302322898,1,-1152.2685860227375
172,695,29530.303030303032,0.2805329922166655,-0.5361345100710363,1,-1165.953098452254
173,695,30090.909090909092,0.30615176423744883,-0.5204367979970664,1,-1177.8055661797048
174,695,30651.515151515152,0.3307791504174741,-0.50534041678987,1,-1187.6528798784916
175,695,31212.121212121212,0.3544207631875378,-0.4908437083167003,1,-1195.3131635127045
176,695,31772.727272727272,0.37708269273159434,-0.476945440285786,1,-1200.59667293866
177,695,32333.333333333336,0.39877124104732775,-0.46364500483881865,1,-1203.3061724384506
178,695,32893.93939393939,0.4194926878432932,-0.4509425834916142,1,-1203.2368397196792
179,695,33454.545454545456,0.43925310047534005,-0.43883926696831443,1,-1200.1758657674006
180,695,34015.15151515152,0.4580581875449433,-0.42733713101293436,1,-1193.9019524614994
181,695,34575.757575757576,0.4759131876439926,-0.41643927735123587,1,-1184.1848753407407
182,695,35136.36363636364,0.49282278179144867,-0.4061498518604699,1,-1170.785201676435
183,695,35696.969696969696,0.5087910193308208,-0.39647405072229946,1,-1153.4541719659817
184,695,36257.57575757576,0.5238212505195465,-0.3874181218107605,1,-1131.9336942740122
185,695,36818.181818181816,0.5379160628333122,-0.37898936471255795,1,-1105.9563774068442
186,695,37378.78787878788,0.5510772208473698,-0.37119612987536743,1,-1075.2455371200106
187,695,37939.39393939394,0.5633056109476138,-0.36404781592756263,1,-1039.5151368397248
188,695,38500.0,0.5746011922040969,-0.3575548640733618,1,-998.4696566776585
189,695,39060.606060606064,0.5849629539794174,-0.3517287491709472,1,-951.8039115009955
190,695,39621.21212121212,0.5943888797619494,-0.3465819681303275,1,-899.202855610552
191,695,40181.818181818184,0.6028759157125947,-0.3421280272197098,1,-840.341417825021
192,695,40742.42424242424,0.6104199417196869,-0.3383814305181767,1,-774.8844086346073
193,695,41303.030303030304,0.6170157424439677,-0.33535767202465183,1,-702.4865334436532
194,695,41863.63636363637,0.6226569758803069,-0.33307323385245546,1,-622.7925353026388
195,695,42424.242424242424,0.627336137285182,-0.3315455925850733,1,-535.4374787960295
196,695,42984.84848484849,0.6310445168306326,-0.33079323533022253,1,-440.04717516457214
197,695,43545.454545454544,0.6337721499567903,-0.33083568637541927,1,-336.2387381432231
198,695,44106.06060606061,0.6355077600312782,-0.3316935446936864,1,-223.62125096631107
199,695,44666.66666666667,0.6362386935257447,-0.3333885319315526,1,-101.7965179117043
200,695,45227.27272727273,0.6359508484460346,-0.3359435499743141,1,29.640131164236895
201,695,45787.87878787879,0.6346285971682043,-0.3393827467601309,1,171.09901754891047
202,695,46348.48484848485,0.6322547051308847,-0.3437315887114739,1,322.9953064710148
203,695,46909.09090909091,0.6288102470033097,-0.34901693798146194,1,485.7482494277626
204,695,47469.69696969697,0.624274521997565,-0.35526713266352095,1,659.7805064842497
205,695,48030.30303030303,0.6186249699345121,-0.3625120681739865,1,845.5175746626999
206,695,48590.909090909096,0.6118370895197448,-0.37078327817414103,1,1043.3873432564249
207,695,49151.51515151515,0.6038843600608297,-0.3801140136284463,1,1253.819791020361
208,695,49712.121212121216,0.5947381675795611,-0.39053931887955684,1,1477.246834039901
209,695,50272.72727272727,0.5843677359607795,-0.40209610394008155,1,1714.1023269671523
210,695,50833.333333333336,0.572740063452719,-0.41482321253553833,1,1964.822214502278
211,695,51393.93939393939,0.5598198645096761,-0.4287614857655009,1,2229.8448247017027
212,695,51954.545454545456,0.5455695166564458,-0.44395382156999696,1,2509.611291088432
213,695,52515.15151515152,0.5299490117690846,-0.4604452304819886,1,2804.566086740884
214,695,53075.757575757576,0.5129159109159283,-0.4782828884063379,1,3115.157650623707
215,695,53636.36363636364,0.49442530168952237,-0.4975161873878089,1,3441.8390844268856
216,695,54196.969696969696,0.47442975679032695,-0.5181967855091806,1,3785.0688970915926
217,695,54757.57575757576,0.4528792924937869,-0.5403786571983223,1,4145.311773977839
218,695,55318.18181818182,0.42972132554629305,-0.5641181453173655,1,4523.03934819943
219,695,55878.78787878788,0.4049006269864941,-0.5894740164640576,1,4918.730952918262
220,695,56439.39393939394,0.3783592713734709,-0.6165075209378477,1,5332.874335241728
221,695,57000.0,0.3500365799191183,-0.6452824588145424,1,5765.96631467787
222,765,1500.0,-1.8398044406583622,-1.8761762127063768,1,-7.046524108671233
223,765,2060.6060606060605,-1.8390371726591992,-1.8895819902926072,1,-13.172307444773601
224,765,2621.212121212121,-1.8315468808545337,-1.8965698447756387,1,-21.079677243578168
225,765,3181.818181818182,-1.8180209874730044,-1.897819505967867,1,-30.674987944442076
226,765,3742.4242424242425,-1.7991036204262354,-1.8939665843325246,1,-41.857409889886505
227,765,4303.030303030303,-1.7753962017603615,-1.8856031362371293,1,-54.52214124579935
228,765,4863.636363636364,-1.7474580757590417,-1.8732782727340258,1,-68.56307822120498
229,765,5424.242424242424,-1.7158072649307523,-1.8574989005905855,1,-83.87495204041818
230,765,5984.848484848485,-1.6809214114873647,-1.8387306536614507,1,-100.35495824642925
231,765,6545.454545454546,-1.6432389367028777,-1.817399047464662,1,-117.90391885764413
232,765,7106.060606060606,-1.6031604297541007,-1.7938908690152515,1,-136.42702991208574
233,765,7666.666666666667,-1.5610502606599486,-1.768555796954197,1,-155.8342554806974
234,765,8227.272727272728,-1.5172383983483333,-1.7417082333826015,1,-176.04043401996654
235,765,8787.878787878788,-1.4720224044117916,-1.7136293182926718,1,-196.96516391720246
236,765,9348.484848484848,-1.425669565542674,-1.684569089856194,1,-218.53253245579373
237,765,9909.09090909091,-1.3784191227746998,-1.6547487488967019,1,-240.67074661168687
238,765,10469.69696969697,-1.3304845532907956,-1.624362983424753,1,-263.31171569418916
239,765,11030.30303030303,-1.2820558604625178,-1.5935823089325254,1,-286.3906256147109
240,765,11590.909090909092,-1.2333018297005487,-1.562555381962012,1,-309.8455333447043
241,765,12151.515151515152,-1.1843722113273794,-1.5314112479903692,1,-333.6169987741023
242,765,12712.121212121212,-1.135399796703715,-1.500261489589527,1,-357.64776053385987
243,765,13272.727272727274,-1.08650235990277,-1.4692022467703538,1,-381.8824531333101
244,765,13833.333333333334,-1.0377844439644601,-1.438316088049636,1,-406.2673555625613
245,765,14393.939393939394,-0.989338977805138,-1.4076737177138394,1,-430.75015668723455
246,765,14954.545454545456,-0.941248716827561,-1.3773355116191306,1,-455.2797204173942
247,765,15515.151515151516,-0.8935875068061341,-1.3473528803009243,1,-479.80583355382765
248,765,16075.757575757576,-0.8464213763494695,-1.317769463806068,1,-504.2789208672028
249,765,16636.363636363636,-0.7998094678512075,-1.2886221671944045,1,-528.6497145524295
250,765,17196.969696969696,-0.7538048200989209,-1.2599420488540851,1,-552.8688678779164
251,765,17757.57575757576,-0.7084550175701954,-1.2317550755890352,1,-576.8865051503121
252,765,18318.18181818182,-0.6638027221431688,-1.2040827591074925,1,-600.6517025515625
253,765,18878.78787878788,-0.6198861030948897,-1.1769426886776924,1,-624.11189896959
254,765,19439.39393939394,-0.5767391817917926,-1.1503489752582348,1,-647.2122459962534
255,765,20000.0,-0.5343921093663941,-1.124312624330635,1,-669.8949249767945
256,765,20560.60606060606,-0.49287139934221713,-1.0988418583789308,1,-692.0984860373562
257,765,21121.21212121212,-0.4522001417778083,-1.0739424146379855,1,-713.7572919686389
258,765,21681.818181818184,-0.4123982285695724,-1.0496178468859614,1,-734.8011625235532
259,765,22242.424242424244,-0.3734826174469401,-1.0258698580504566,1,-755.1552923450166
260,765,22803.030303030304,-0.3354676518901081,-1.0026986802077222,1,-774.740447629586
261,765,23363.636363636364,-0.2983654357110579,-0.9801035001884627,1,-793.4733456541227
262,765,23924.242424242424,-0.2621862389757035,-0.9580829070720646,1,-811.2670281246192
263,765,24484.848484848484,-0.2269388945184645,-0.9366353205603364,1,-828.031005497827
264,765,25045.454545454548,-0.19263113938921017,-0.9157593544478132,1,-843.6710043869559
265,765,25606.060606060608,-0.15926986601718052,-0.8954540799862294,1,-858.0882760143189
266,765,26166.666666666668,-0.12686126946205678,-0.8757191756578687,1,-871.1785628653882
267,765,26727.272727272728,-0.09541090104269356,-0.856554973917399,1,-882.8309144678809
268,765,27287.878787878788,-0.06492365665960387,-0.8379624336026006,1,-892.9265677819193
269,765,27848.484848484848,-0.035403736381812045,-0.8199430750727771,1,-901.3380766132045
270,765,28409.09090909091,-0.006854610893242352,-0.8024989142490665,1,-907.9288125167202
271,765,28969.69696969697,0.020720977243359195,-0.7856324241704152,1,-912.5528816712803
272,765,29530.303030303032,0.04732096118499163,-0.7693465411027102,1,-915.05541630398
273,765,30090.909090909092,0.07294384313512803,-0.7536447190993872,1,-915.2731202441669
274,765,30651.515151515152,0.09758854237753511,-0.7385310248298089,1,-913.0348986642961
275,765,31212.121212121212,0.12125421550682103,-0.7240102559974171,1,-908.1623993664551
276,765,31772.727272727272,0.1439400696470785,-0.7100880633703018,1,-900.4703370423218
277,765,32333.333333333336,0.16564518751197366,-0.6967710583741727,1,-889.7665446975772
278,765,32893.93939393939,0.1863683774592534,-0.684066893875654,1,-875.851771171577
279,765,33454.545454545456,0.20610805449770553,-0.671984312945949,1,-858.5192970383175
280,765,34015.15151515152,0.22486215170032264,-0.660533166857555,1,-837.5544615603657
281,765,34575.757575757576,0.24262805707232438,-0.6497244079229041,1,-812.7341830081889
282,765,35136.36363636364,0.25940256902426806,-0.6395700646276505,1,-783.8265257060311
283,765,35696.969696969696,0.27518186376632114,-0.6300832062867991,1,-750.5903347627058
284,765,36257.57575757576,0.28996146930721456,-0.6212779030230925,1,-712.7749353360464
285,765,36818.181818181816,0.3037362424268486,-0.6131691851190215,1,-670.119882524774
286,765,37378.78787878788,0.3165003463917645,-0.6057730043309727,1,-622.3547492804339
287,765,37939.39393939394,0.3282472280436114,-0.599106198831565,1,-569.1989480846079
288,765,38500.0,0.3389695932447935,-0.5931864630326652,1,-510.3615919782659
289,765,39060.606060606064,0.3486593796978191,-0.5880323234525455,1,-445.5414078659916
290,765,39621.21212121212,0.35730772606751215,-0.5836631218247648,1,-374.4267181187464
291,765,40181.818181818184,0.36490493628738174,-0.5800990066449228,1,-296.6955054842871
292,765,40742.42424242424,0.37144043799804094,-0.5773609342398227,1,-212.0155722893483
293,765,41303.030303030304,0.37690273426247145,-0.5754706802061481,1,-120.04479920763299
294,765,41863.63636363637,0.3812793480058312,-0.5744508617269312,1,-20.431502586725845
295,765,42424.242424242424,0.38455675899170894,-0.5743249708785464,1,87.18511675261006
296,765,42984.84848484849,0.386720333532244,-0.5751174186286111,1,203.17444572879313
297,765,43545.454545454544,0.3877542474948591,-0.5768535888373505,1,327.91386914220146
298,765,44106.06060606061,0.3876414034889436,-0.579559901236021,1,461.7881379806773
299,765,44666.66666666667,0.38636334336946865,-0.5832638820878286,1,605.1887182373288
300,765,45227.27272727273,0.38390015737103256,-0.5879942410493161,1,758.5131435007428
301,765,45787.87878787879,0.38023039128165914,-0.5937809526466761,1,922.1643943284116
302,765,46348.48484848485,0.3753309530792188,-0.6006553407631398,1,1096.550326105901
303,765,46909.09090909091,0.36917702039501477,-0.6086501645897568,1,1282.0831648648311
304,765,47469.69696969697,0.3617419500426834,-0.6177997046184025,1,1479.179087556235
305,765,48030.30303030303,0.3529971906728794,-0.6281398474356192,1,1688.2578997400396
306,765,48590.909090909096,0.3429121993930401,-0.6397081683008458,1,1909.7428197530517
307,765,49151.51515151515,0.33145436294368835,-0.6525440107455877,1,2144.0603743520546
308,765,49712.121212121216,0.31858892375899284,-0.6666885627001251,1,2391.640406775797
309,765,50272.72727272727,0.3042789109721684,-0.6821849289286926,1,2652.9161942941687
310,765,50833.333333333336,0.288485076164538,-0.6990781998237193,1,2928.3246687588603
311,765,51393.93939393939,0.27116583341383016,-0.7174155168613469,1,3218.3067305471354
312,765,51954.545454545456,0.2522772029732907,-0.7372461352531521,1,3523.3076436908473
313,765,52515.15151515152,0.2317727577194808,-0.7586214845315924,1,3843.777497961577
314,765,53075.757575757576,0.20960357134315877,-0.7815952279791074,1,4180.171722268905
315,765,53636.36363636364,0.18571816712707423,-0.806223321950257,1,4532.9516329280905
316,765,54196.969696969696,0.160062466057327,-0.8325640762421805,1,4902.585000140972
317,765,54757.57575757576,0.13257973294952652,-0.8606782167425827,1,5289.546616369992
318,765,55318.18181818182,0.10321051923525937,-0.8906289516283992,1,5694.318851109532
319,765,55878.78787878788,0.07189260104492157,-0.9224820424056301,1,6117.392177800197
320,765,56439.39393939394,0.038560911236199646,-0.9563058810751189,1,6559.2656602070465
321,765,57000.0,0.0031474640489687067,-0.992171574684692,1,7020.447387409404
322,835,1500.0,-2.217576084377322,-2.253947856425336,1,-5.909165263680719
323,835,2060.6060606060605,-2.19796150340243,-2.248506321035838,1,-11.044866784403716
324,835,2621.212121212121,-2.17391213308482,-2.238935097005925,1,-17.676460398081478
325,835,3181.818181818182,-2.14588670577396,-2.2256852242688225,1,-25.728787881052856
326,835,3742.4242424242425,-2.1143181256293375,-2.209181089535627,1,-35.12109606990497
327,835,4303.030303030303,-2.0796132131114637,-2.1898201475882315,1,-45.7692469238872
328,835,4863.636363636364,-2.0421526165051995,-2.167972813480184,1,-57.5875622280481
329,835,5424.242424242424,-2.002290907187985,-2.1439825428478185,1,-70.49031290643954
330,835,5984.848484848485,-1.9603568671151819,-2.118166109289268,1,-84.39287132232393
331,835,6545.454545454546,-1.9166539693139741,-2.0908140800757584,1,-99.21255244918082
332,835,7106.060606060606,-1.871461045199735,-2.062191484460886,1,-114.86917599145754
333,835,7666.666666666667,-1.8250331263781847,-2.032538662672433,1,-131.28538610831114
334,835,8227.272727272728,-1.7776024433874569,-2.002072278421725,1,-148.38676815345124
335,835,8787.878787878788,-1.729379559653248,-1.9709864735341283,1,-166.10180271845508
336,835,9348.484848484848,-1.6805546158328188,-1.9394541401463388,1,-184.3616963061426
337,835,9909.09090909091,-1.63129865773656,-1.907628283858562,1,-203.10012532851036
338,835,10469.69696969697,-1.5817650201195237,-1.8756434502534811,1,-222.2529260815378
339,835,11030.30303030303,-1.5320907387858291,-1.8436171872558367,1,-241.75775823257976
340,835,11590.909090909092,-1.482397964550219,-1.8116515168116822,1,-261.55376354783556
341,835,12151.515151515152,-1.432795354540247,-1.7798343912032368,1,-281.5812354861163
342,835,12712.121212121212,-1.3833794189448767,-1.7482411118306886,1,-301.781309274658
343,835,13272.727272727274,-1.3342358044583036,-1.7169356913258873,1,-322.0956765043109
344,835,13833.333333333334,-1.2854404991490709,-1.6859721432342467,1,-342.46632341456666
345,835,14393.939393939394,-1.2370609471366727,-1.6553956870453739,1,-362.8352880910467
346,835,14954.545454545456,-1.1891570651145744,-1.625243859906144,1,-383.1444289095482
347,835,15515.151515151516,-1.1417821562963848,-1.595547529791175,1,-403.3351948192498
348,835,16075.757575757576,-1.0949837206813213,-1.5663318081379198,1,-423.3483875213673
349,835,16636.363636363636,-1.0488041635837342,-1.5376168629269311,1,-443.1239063183391
350,835,17196.969696969696,-1.0032814071285894,-1.5094186358837536,1,-462.60046843253576
351,835,17757.57575757576,-0.9584494118860969,-1.481749469904937,1,-481.71530095579857
352,835,18318.18181818182,-0.9143386180093849,-1.4546186549737086,1,-500.4038052562669
353,835,18878.78787878788,-0.8709763171334772,-1.42803290271628,1,-518.5992004383612
354,835,19439.39393939394,-0.8283869678256466,-1.4019967612920887,1,-536.232158831983
355,835,20000.0,-0.7865924684007688,-1.3765129833650096,1,-553.2304525401177
356,835,20560.60606060606,-0.7456124011999217,-1.3515828602366353,1,-569.518634312738
357,835,21121.21212121212,-0.7054642616715758,-1.327206534531753,1,-585.0177764664278
358,835,21681.818181818184,-0.6661636834853111,-1.3033833018016998,1,-599.6452861785764
359,835,22242.424242424244,-0.6277246672743546,-1.280111907877871,1,-613.3148029940603
360,835,22803.030303030304,-0.5901598155885421,-1.2573908439061565,1,-625.9361655479208
361,835,23363.636363636364,-0.5534805708755706,-1.2352186353529753,1,-637.4154130995508
362,835,23924.242424242424,-0.5176974479307801,-1.2135941160271413,1,-647.6547701230221
363,835,24484.848484848484,-0.48282024867781836,-1.1925166747196903,1,-656.552556424246
364,835,25045.454545454548,-0.4488582465701252,-1.171986461628728,1,-664.002976090714
365,835,25606.060606060608,-0.4158203308009485,-1.1520045447699974,1,-669.8957655290627
366,835,26166.666666666668,-0.3837151063006614,-1.1325730124964735,1,-674.1157172189243
367,835,26727.272727272728,-0.35255095269423187,-1.1136950255689373,1,-676.542131011132
368,835,27287.878787878788,-0.322336052079113,-1.0953748290221097,1,-677.0482681348146
369,835,27848.484848484848,-0.293078399951924,-1.0776177386428891,1,-675.5008870571902
370,835,28409.09090909091,-0.2647858147876343,-1.0604301181434583,1,-671.7599226098852
371,835,28969.69696969697,-0.23746595946821647,-1.043819360881991,1,-665.6783340581601
372,835,29530.303030303032,-0.21112638268036843,-1.0277938849680703,1,-657.1021035896138
373,835,30090.909090909092,-0.18577458196692098,-1.0123631442014362,1,-645.8703271723728
374,835,30651.515151515152,-0.16141808406000413,-0.9975376512673482,1,-631.815317176801
375,835,31212.121212121212,-0.1380645339534572,-0.9833290054576953,1,-614.7626371824131
376,835,31772.727272727272,-0.11572178272431044,-0.9697499157416908,1,-594.531012286631
377,835,32333.333333333336,-0.09439796534183187,-0.9568142112279783,1,-570.9320939480622
378,835,32893.93939393939,-0.07410156280859725,-0.9445368341435046,1,-543.7700945876832
379,835,33454.545454545456,-0.0548414467908358,-0.9329338142344903,1,-512.8413331728284
380,835,34015.15151515152,-0.03662690830271531,-0.922022226860593,1,-477.9337434908812
381,835,34575.757575757576,-0.019467674297797943,-0.9118201392930264,1,-438.8263927269911
382,835,35136.36363636364,-0.0033739169808530978,-0.9023465506327717,1,-395.28904478203765
383,835,35696.969696969696,0.011643739491752125,-0.8936213305613682,1,-347.0817874017122
384,835,36257.57575757576,0.025574211069517516,-0.8856651612607895,1,-293.9547300363241
385,835,36818.181818181816,0.03840594180079626,-0.8784994857450739,1,-235.6477728127979
386,835,37378.78787878788,0.050126885872100124,-0.8721464648506371,1,-171.89044561044122
387,835,37939.39393939394,0.060724482496089416,-0.866628944379087,1,-102.40181785183495
388,835,38500.0,0.07018562289948105,-0.8619704333779776,1,-26.890481857928723
389,835,39060.606060606064,0.07849660894614541,-0.8581950942042192,1,54.94538622135642
390,835,39621.21212121212,0.0856431031353545,-0.8553277447569224,1,143.4178844808222
391,835,40181.818181818184,0.09161006991053111,-0.8533938730217734,1,238.84916112693708
392,835,40742.42424242424,0.0963817084293751,-0.8524196638084885,1,341.5711101917382
393,835,41303.030303030304,0.09994137718459961,-0.85243203728402,1,451.9249928317521
394,835,41863.63636363637,0.10227151111239086,-0.8534586986203715,1,570.2609935330588
395,835,42424.242424242424,0.10335353206174092,-0.8555281978085144,1,696.9377236767323
396,835,42984.84848484849,0.10316775370338849,-0.8586699984574666,1,832.3216874015559
397,835,43545.454545454544,0.10169328211661455,-0.862914554215595,1,976.7867264296005
398,835,44106.06060606061,0.09890791339728433,-0.8682933913276802,1,1130.713461458521
399,835,44666.66666666667,0.09478802967522237,-0.8748391957820749,1,1294.488747874143
400,835,45227.27272727273,0.08930849491554538,-0.8825859035048033,1,1468.505162937414
401,835,45787.87878787879,0.08244255180683369,-0.8915687921215015,1,1653.1605403139426
402,835,46348.48484848485,0.07416172091878825,-0.9018245729235703,1,1848.8575659358874
403,835,46909.09090909091,0.06443570314706282,-0.9133914818377088,1,2056.003446821982
404,835,47469.69696969697,0.05323228626535692,-0.926309368395729,1,2275.0096617576573
405,835,48030.30303030303,0.04051725618330182,-0.9406197819251968,1,2506.2917997831937
406,835,48590.909090909096,0.02625431327107275,-0.9563660544228131,1,2750.2694893829744
407,835,49151.51515151515,0.010404993870891999,-0.973593379818384,1,3007.366418241286
408,835,49712.121212121216,-0.007071403123168674,-0.9923488895822866,1,3278.010440541493
409,835,50272.72727272727,-0.026217884962900895,-1.012681724863762,1,3562.633766137691
410,835,50833.333333333336,-0.04707982957712087,-1.0346431055653782,1,3861.6732236044522
411,835,51393.93939393939,-0.06970504667979105,-1.058286396954968,1,4175.570587232828
412,835,51954.545454545456,-0.09414383636069545,-1.0836671745871382,1,4504.772956534265
413,835,52515.15151515152,-0.12044904619863495,-1.1108432884497081,1,4849.733175762105
414,835,53075.757575757576,-0.1486761280414708,-1.139874927363737,1,5210.910280363192
415,835,53636.36363636364,-0.1788831956746939,-1.1708246847520252,1,5588.769957121604
416,835,54196.969696969696,-0.21113108464867403,-1.2037576269481816,1,5983.785005016861
417,835,54757.57575757576,-0.24548341555999253,-1.2387413652521018,1,6396.435784452349
418,835,55318.18181818182,-0.2820066620831818,-1.2758461329468402,1,6827.210643460988
419,835,55878.78787878788,-0.3207702250333615,-1.3151448684839133,1,7276.606310706382
420,835,56439.39393939394,-0.36184651370840903,-1.3567133060197276,1,7745.1282465041895
421,835,57000.0,-0.4053110357162064,-1.4006300744498672,1,8233.290944627359
